ReserveId,Position_X,Position_Y,Position_Z,NeedZoneId,NeedType,MapIconId,NeedZoneStartTimeHours,NeedZoneEndTimeHours,AnimalTypeLocalizationName,NeedZoneScheduleIndex,DiscoveredGroups
1,9504.0,1047.091064453125,11088.0,823225772,1,8102982460470315693,4.0,8.0,1124598738,1,
1,9456.0,1029.858154296875,11232.0,1834406402,3,11588991510668340021,8.0,12.0,4205700664,2,
1,11328.0,1132.648681640625,9984.0,-2072811702,1,14231352431503931154,4.0,8.0,3371728369,1,
1,9840.0,1026.51123046875,10112.0,1045388501,1,9026186241571627088,4.0,8.0,3371728369,1,
1,11664.0,1229.082763671875,9840.0,-1524566737,3,9792382381115131703,8.0,12.0,3371728369,2,
1,11936.0,1229.52734375,9616.0,-139383746,1,11232207176554917104,12.0,16.0,3371728369,3,
1,10384.0,1024.088623046875,8032.0,2027377354,1,4220201010616006251,13.0,15.0,3308951053,5,
1,10896.0,1061.349365234375,9936.0,-317225263,1,37713052696129504,12.0,16.0,3371728369,3,
1,10784.0,1116.19921875,9360.0,2009247511,2,4404278494594975797,16.0,20.0,3371728369,4,
1,10512.0,1025.14892578125,10144.0,1041062606,1,15007463492709657502,17.0,19.0,3308951053,7,
1,10336.0,1027.4912109375,10384.0,-1314386235,3,13315417820262389510,15.0,17.0,3308951053,6,
1,11168.0,1100.938232421875,6896.0,-2021350914,1,18104210898472667564,4.0,8.0,3371728369,1,
1,7920.0,1019.86376953125,7712.0,1525324914,1,9429210339482042636,5.0,7.0,3308951053,1,
1,7776.0,1022.22216796875,4496.0,-257819240,1,2199634692690182616,9.0,11.0,3308951053,3,
1,11264.0,1139.086181640625,9824.0,-1825571554,1,3786610826088785533,12.0,16.0,3371728369,3,
1,8176.0,1111.16796875,4448.0,-1644007211,1,1069198230962056534,4.0,8.0,4205700664,1,
1,7584.0,1025.3017578125,4272.0,828465899,2,9982791968092635642,8.0,12.0,1124598738,2,
1,7680.0,1025.521240234375,4496.0,-359395121,1,232498856270413034,9.0,11.0,3308951053,3,
1,7776.0,1022.98291015625,4800.0,640862886,2,2275444197362857888,8.0,12.0,1124598738,2,
1,7584.0,1024.84716796875,5248.0,110301750,2,13280342856601561735,8.0,12.0,1124598738,2,
1,7408.0,1024.166748046875,5136.0,1094434575,2,17188267971195914558,8.0,12.0,1124598738,2,
1,7104.0,1025.475830078125,5296.0,-1092688961,2,2670200838125178211,8.0,12.0,1124598738,2,
1,7136.0,1027.764892578125,5520.0,-723852846,1,5892377420629846573,3.0,6.0,2132195963,1,
1,7168.0,1027.6787109375,5792.0,150200978,2,10866273772591599902,8.0,12.0,1124598738,2,
1,6992.0,1027.099609375,6032.0,1332834554,2,6195182030697484331,8.0,12.0,1124598738,2,
1,7264.0,1027.39013671875,6304.0,922571091,2,12580021812479218374,8.0,12.0,1124598738,2,
1,7296.0,1023.0029296875,6656.0,-269719692,2,6980191904963022785,8.0,12.0,1124598738,2,
1,7408.0,1027.6806640625,6976.0,708702800,2,17735621245442982406,4.0,8.0,1587180490,1,
1,8000.0,1026.40380859375,7568.0,1119022603,2,7350015847824358616,8.0,12.0,1124598738,2,
1,7792.0,1025.00537109375,7648.0,-1078370850,2,14224732453640833463,8.0,12.0,1124598738,2,
1,7808.0,1025.517578125,7776.0,-1566762192,2,14198630975197633876,8.0,12.0,1124598738,2,
1,8128.0,1025.719970703125,7968.0,1154475892,2,5786753675287008579,8.0,12.0,1124598738,2,
1,7856.0,1026.74755859375,8512.0,-1332913553,2,3002307807612786362,8.0,12.0,1124598738,2,
1,7504.0,1025.98388671875,8864.0,1514357860,2,4355686530444918838,8.0,12.0,1124598738,2,
1,7376.0,1025.14697265625,9072.0,593864260,2,2007999355937729073,8.0,12.0,1124598738,2,
1,7312.0,1025.543701171875,9296.0,-1558069229,2,8102514254025863960,8.0,12.0,1124598738,2,
1,7392.0,1025.08154296875,9632.0,-617214565,2,1590763319676268618,4.0,8.0,1587180490,1,
1,7392.0,1025.08154296875,9632.0,547087209,2,11371096568123425270,8.0,12.0,1124598738,2,
1,7680.0,1024.682373046875,10080.0,-1059995839,2,2211148317061311902,8.0,12.0,1124598738,2,
1,7664.0,1024.81396484375,10336.0,967302999,2,11153098248239100804,8.0,12.0,1124598738,2,
1,7872.0,1026.5498046875,10464.0,-1188781578,2,15973081960972889878,8.0,12.0,1124598738,2,
1,7696.0,1026.626953125,10592.0,-703557813,2,16122212457216691765,4.0,8.0,1587180490,1,
1,7696.0,1026.626953125,10592.0,-1710066909,2,10421056848201951178,8.0,12.0,1124598738,2,
1,7616.0,1028.19189453125,10704.0,-2063914003,2,1761164480898463141,8.0,12.0,1124598738,2,
1,7312.0,1024.729736328125,11168.0,-1439711357,2,374507980589567201,8.0,12.0,1124598738,2,
1,8224.0,1027.222900390625,11488.0,-1552743334,2,6089454516784392458,4.0,8.0,1587180490,1,
1,8896.0,1025.859130859375,11392.0,-1014011617,2,14078458369376346298,8.0,12.0,1124598738,2,
1,8656.0,1025.47900390625,10912.0,62359443,2,14936576686551127850,8.0,12.0,1124598738,2,
1,8480.0,1027.6591796875,10736.0,-1077393578,2,824644777260214566,4.0,8.0,1587180490,1,
1,8640.0,1026.351806640625,7184.0,-553245199,2,16425530599870968747,4.0,8.0,1587180490,1,
1,8144.0,1025.782470703125,7680.0,-2008990423,2,17915138001604588123,8.0,12.0,1124598738,2,
1,8144.0,1025.782470703125,7680.0,1690677043,2,9363340978815117774,4.0,8.0,1587180490,1,
1,7824.0,1027.288330078125,8608.0,1905126782,2,1221514997960989249,8.0,12.0,1124598738,2,
1,7648.0,1025.65576171875,9248.0,1624007183,2,3347365150974637299,8.0,12.0,1124598738,2,
1,8784.0,1075.675537109375,6816.0,1779720809,3,10767178734377928219,8.0,12.0,3371728369,2,
1,8864.0,1069.94873046875,6832.0,-691743722,3,935768373944639425,8.0,12.0,3371728369,2,
1,9040.0,1027.16064453125,7184.0,1936662893,2,13242089465262011618,8.0,12.0,1124598738,2,
1,9376.0,1024.013427734375,7104.0,628200763,2,16798263165157985137,8.0,12.0,1124598738,2,
1,9200.0,1023.5263671875,7168.0,1419844649,2,5053991139124795153,8.0,12.0,1124598738,2,
1,10080.0,1026.06005859375,6560.0,771656539,2,16146921084955146702,4.0,8.0,2735756462,1,
1,10080.0,1026.06005859375,6560.0,-900043750,2,13359350756733213110,4.0,8.0,1587180490,1,
1,10384.0,1024.74462890625,6176.0,1238474020,2,13775729132609174784,4.0,8.0,2735756462,1,
1,10656.0,1025.131591796875,10048.0,598400751,2,9510966181369128658,4.0,8.0,2735756462,1,
1,10304.0,1057.836669921875,10032.0,-442130293,1,5425225506203035592,8.0,12.0,2735756462,2,
1,10128.0,1042.54931640625,10048.0,519469761,3,3110669397309133478,8.0,12.0,1587180490,2,
1,9184.0,1025.032470703125,9568.0,-176977095,2,11418331251004736505,8.0,12.0,1124598738,2,
1,9264.0,1025.34228515625,9312.0,1928158399,2,13930070056279482470,8.0,12.0,1124598738,2,
1,8992.0,1026.94287109375,9328.0,614231907,2,13798921724832596251,8.0,12.0,1124598738,2,
1,8880.0,1023.294677734375,8816.0,-536705956,2,12123741835376915466,8.0,12.0,1124598738,2,
1,8944.0,1025.69970703125,8528.0,-149572141,2,2877260000426908388,8.0,12.0,1124598738,2,
1,9088.0,1025.1494140625,8416.0,1170024306,2,13920031431638550952,8.0,12.0,1124598738,2,
1,8928.0,1024.625244140625,8640.0,232479901,2,4057232669406371406,4.0,8.0,1587180490,1,
1,13168.0,1028.5751953125,7152.0,250986422,3,2233837324026766598,6.0,10.0,2132195963,2,
1,13376.0,1027.850341796875,6976.0,1970701706,2,7109285798940362385,4.0,8.0,2735756462,1,
1,13424.0,1026.97900390625,6800.0,1501608417,2,2559662275293147315,4.0,8.0,1587180490,1,
1,13424.0,1028.503173828125,6464.0,635372151,2,16061401346934082640,4.0,8.0,2735756462,1,
1,13584.0,1027.82568359375,5904.0,-1196783841,2,942460967492811060,4.0,8.0,1587180490,1,
1,8464.0,1088.061279296875,6512.0,-1876814717,2,12352802152190474815,4.0,8.0,2735756462,1,
1,8320.0,1087.92919921875,6320.0,712925537,2,16718826477311917026,4.0,8.0,1587180490,1,
1,8432.0,1087.69677734375,5904.0,90346546,2,12641373774873497292,4.0,8.0,2735756462,1,
1,11232.0,1119.093017578125,10272.0,1215527937,1,9109644003994917318,4.0,8.0,3371728369,1,
1,11536.0,1207.728271484375,10736.0,-943544569,3,9563597071901936940,8.0,12.0,3371728369,2,
1,11584.0,1238.300537109375,10864.0,5950867,3,145958276159322970,6.0,10.0,2132195963,2,
1,10176.0,1033.299560546875,11280.0,-1756552276,2,1669145875764337401,12.0,16.0,4205700664,3,
1,10016.0,1027.58251953125,11296.0,-1438688783,2,5570118179837205146,4.0,8.0,1587180490,1,
1,9584.0,1025.520263671875,11376.0,1802986560,2,15064012640782355545,8.0,12.0,1124598738,2,
1,9136.0,1027.645751953125,11184.0,611331163,2,521184489979090905,4.0,8.0,1587180490,1,
1,9008.0,1026.25341796875,11088.0,1155423761,2,678875306352361734,4.0,8.0,1587180490,1,
1,8704.0,1027.2353515625,11104.0,1099702120,3,13271680591757867654,8.0,12.0,4205700664,2,
1,7744.0,1026.513916015625,10976.0,1284110751,2,3610376339841330916,8.0,12.0,1124598738,2,
1,6352.0,1027.304931640625,11472.0,-2026558275,2,83045502736015456,8.0,12.0,1124598738,2,
1,6224.0,1026.15869140625,11520.0,2011357422,2,12904675824695126772,4.0,8.0,1587180490,1,
1,6080.0,1026.3525390625,11600.0,339971852,2,12086592562149092340,4.0,8.0,1587180490,1,
1,6048.0,1156.456787109375,10400.0,266395839,2,5041714088818346699,8.0,12.0,1124598738,2,
1,5872.0,1153.078125,10576.0,186415033,2,11734346592725777384,8.0,12.0,1124598738,2,
1,5792.0,1152.373779296875,10432.0,-2029175453,2,7983846863991298916,8.0,12.0,1124598738,2,
1,6144.0,1237.798583984375,10192.0,803037828,3,11604323736780519434,7.0,10.0,2522926452,2,
1,6128.0,1253.611572265625,10048.0,1708835468,1,12639727141354136759,4.0,8.0,1124598738,1,
1,6128.0,1253.611572265625,10048.0,602515966,1,8158717896201029033,4.0,7.0,2522926452,1,
1,6112.0,1197.08203125,9744.0,-367519273,3,3870085355722125418,7.0,10.0,2522926452,2,
1,6208.0,1129.930908203125,9520.0,-889864875,1,8284821935113333798,4.0,8.0,1242189471,1,
1,6624.0,1025.347900390625,8832.0,1810966549,2,6069261366286282594,8.0,12.0,1124598738,2,
1,7792.0,1025.194580078125,8016.0,199445452,2,9916255162823612713,8.0,12.0,1124598738,2,
1,7296.0,1072.224609375,7424.0,219957836,1,9204147888316642530,8.0,11.0,1242189471,2,
1,6944.0,1121.542236328125,7344.0,-1902455082,1,16506446453577293292,8.0,11.0,1242189471,2,
1,6832.0,1121.61279296875,7200.0,1907272433,3,16567783115877328476,7.0,10.0,2522926452,2,
1,6496.0,1134.450927734375,6944.0,-152306772,2,2736207055271991818,8.0,12.0,1124598738,2,
1,7552.0,1026.505615234375,5344.0,-836296364,2,1123784287832865104,8.0,12.0,1124598738,2,
1,6400.0,1077.355224609375,4864.0,-2074164757,1,782837242769867080,4.0,8.0,4205700664,1,
1,6192.0,1212.15576171875,4592.0,223022697,3,9034519919215294243,8.0,12.0,4205700664,2,
1,5600.0,1292.178955078125,4560.0,-391731093,2,16262704609273399314,8.0,12.0,1124598738,2,
1,9184.0,1145.536376953125,4640.0,-1650313105,1,15735274873853763124,4.0,8.0,3371728369,1,
1,9248.0,1123.485595703125,4784.0,-652924495,2,9999163962958792943,4.0,8.0,1587180490,1,
1,9248.0,1123.485595703125,4784.0,95339146,2,10702907876043682872,4.0,8.0,2735756462,1,
1,9344.0,1111.99755859375,4992.0,-1045931750,3,2500507574216332216,7.0,10.0,2522926452,2,
1,12224.0,1234.876708984375,9088.0,658911143,3,14347365785036552878,6.0,10.0,2132195963,2,
1,12016.0,1194.2666015625,9120.0,-1786325439,3,12623984160044549807,8.0,12.0,1587180490,2,
1,11904.0,1174.163330078125,9200.0,-8536049,2,3569312519874239708,4.0,8.0,2735756462,1,
1,11904.0,1174.163330078125,9200.0,-896028364,2,15922923542984846966,4.0,8.0,1587180490,1,
1,8368.0,1139.344970703125,4352.0,1394538671,3,4410415909844533618,8.0,12.0,4205700664,2,
1,7872.0,1022.279296875,4224.0,-1032323815,2,16601244439108373485,8.0,12.0,1124598738,2,
1,7792.0,1028.835693359375,4160.0,-1668037873,1,16683670199769758352,8.0,11.0,1242189471,2,
1,7840.0,1027.779541015625,4560.0,1198935970,2,12369425425793134849,4.0,8.0,1587180490,1,
1,7600.0,1025.78125,4832.0,-92516705,1,2007083340584985570,8.0,11.0,1242189471,2,
1,7136.0,1026.9052734375,5952.0,-1653040611,1,4706443392727950840,8.0,11.0,1242189471,2,
1,7408.0,1027.6806640625,6976.0,1731359106,2,10806181499544818695,8.0,12.0,1124598738,2,
1,7648.0,1025.98046875,6976.0,1523692869,2,15210143638199077548,4.0,8.0,1587180490,1,
1,7840.0,1026.91455078125,7216.0,375329826,2,10235353730722891695,4.0,8.0,1587180490,1,
1,7792.0,1025.00537109375,7648.0,11982636,2,4147604820465341566,4.0,8.0,1587180490,1,
1,7616.0,1027.12744140625,8816.0,1064580889,1,4280622918024714827,4.0,8.0,1124598738,1,
1,7552.0,1025.25048828125,9088.0,-1184920925,2,39361767778742934,4.0,8.0,1587180490,1,
1,8496.0,1025.475341796875,10560.0,772698373,2,1868277813287273356,8.0,12.0,1124598738,2,
1,6992.0,1025.54931640625,5312.0,1213906588,2,956425515967155150,4.0,8.0,1587180490,1,
1,7696.0,1025.59912109375,10224.0,230394743,2,17436719031061596224,4.0,8.0,1587180490,1,
1,7776.0,1019.15771484375,4640.0,-954901064,1,13081100704314640999,9.0,11.0,3308951053,3,
3,8928.0,1204.267822265625,-7312.0,-1672519020,1,12590844962210719266,8.0,11.0,2932471265,2,
3,8832.0,1205.251708984375,-7312.0,195001873,1,7873671538327804104,11.0,14.0,2932471265,3,
3,11632.0,1154.12353515625,-7072.0,-27142407,1,12815075231830085693,15.0,18.0,1458396849,5,
3,11760.0,1122.408935546875,-6944.0,-1042014022,1,15906219041458334514,3.0,6.0,2655312513,1,
3,8400.0,1192.8408203125,-8176.0,1740967239,1,8156822700361773821,8.0,11.0,2932471265,2,
3,8416.0,1199.246337890625,-9360.0,-566274408,1,10871426754375045283,9.0,12.0,1660241597,3,
3,9008.0,1139.85791015625,-11104.0,1599587466,3,16868712101000859928,13.0,16.0,1638931339,4,
3,8400.0,1091.059814453125,-11216.0,-1729180338,1,17632567499575996133,6.0,9.0,1641121368,2,
3,8400.0,1091.059814453125,-11216.0,-1729180338,1,7924992011507426136,9.0,12.0,1641121368,3,
3,9424.0,1177.48828125,-11456.0,-674615669,3,6056605711965771486,10.0,14.0,2655312513,3,
3,7760.0,1141.9208984375,-9840.0,-1233134792,1,14418754320102999527,15.0,18.0,1660241597,5,
3,7664.0,1127.1640625,-10256.0,321204830,3,5596334255552304560,18.0,21.0,1660241597,6,
3,10752.0,1093.78857421875,-11536.0,2109535861,1,12883028501372555236,3.0,6.0,2655312513,1,
3,8528.0,1182.198974609375,-9056.0,-1209246989,1,237563873820786076,6.0,10.0,1638931339,2,
3,8448.0,1106.62353515625,-11520.0,-1471840961,3,12620767717745238380,10.0,14.0,1333330573,3,
3,10000.0,1186.23046875,-11664.0,-1294743172,3,15899123129498213206,14.0,18.0,1333330573,4,
3,9056.0,1114.651123046875,-12016.0,-1662652846,3,9614714730996826843,7.0,10.0,1333330573,2,
3,9072.0,1181.89013671875,-8080.0,-608692356,2,14580510336293971645,6.0,9.0,1660241597,2,
3,10208.0,1199.138916015625,-7008.0,2110829353,1,3954194133344589840,6.0,10.0,1638931339,2,
3,7872.0,1213.0712890625,-6768.0,1174182005,1,13503970894541267069,8.0,11.0,2932471265,2,
3,8096.0,1215.4052734375,-6576.0,-907734682,1,13008876979040241598,11.0,14.0,2932471265,3,
3,8096.0,1215.4052734375,-6576.0,-907734682,1,17821918458432196861,8.0,11.0,2932471265,2,
3,8768.0,1183.42236328125,-8336.0,522224299,1,5459099033428677886,11.0,14.0,2932471265,3,
3,8704.0,1039.315185546875,-12336.0,-325477271,3,8362405580356183356,6.0,10.0,2655312513,2,
3,9968.0,1237.60107421875,-10880.0,-1386547809,3,1281777012330325300,14.0,18.0,2655312513,4,
3,11168.0,1081.012451171875,-8848.0,-1323910936,1,11842159970520427616,15.0,18.0,1458396849,5,
3,8832.0,1205.251708984375,-7312.0,195001873,1,6750373417508409744,8.0,11.0,2932471265,2,
3,9072.0,1085.38037109375,-5968.0,-2111509073,1,8568803122097387050,6.0,10.0,1638931339,2,
3,8400.0,1192.8408203125,-8176.0,1740967239,1,8365467855905559923,11.0,14.0,2932471265,3,
3,8448.0,1103.72509765625,-11648.0,632583049,1,8724881348761051375,9.0,12.0,1641121368,3,
3,8864.0,1203.55908203125,-7568.0,-2138959510,3,14213791121576872901,14.0,18.0,2932471265,4,
3,8656.0,1195.22900390625,-6464.0,-909478592,1,3405024908751493610,11.0,14.0,2932471265,3,
3,9936.0,1227.810546875,-10400.0,1813806885,1,7240170924836157074,4.0,8.0,2932471265,1,
3,8320.0,1207.251220703125,-9472.0,-2121478430,1,7325083229180940896,9.0,12.0,1660241597,3,
3,8112.0,1187.7333984375,-9808.0,-176614098,1,12112662359250416057,11.0,14.0,2932471265,3,
3,8736.0,1230.317626953125,-9920.0,-894581689,1,5538881745450647155,11.0,14.0,2932471265,3,
3,8704.0,1217.750244140625,-9456.0,1008714292,1,9305647070220536464,4.0,8.0,2250985392,1,
3,10064.0,1169.77294921875,-9456.0,-90984258,3,17995553900598103944,7.0,10.0,1333330573,2,
3,8928.0,1204.267822265625,-7312.0,-1672519020,1,8230935323887408060,11.0,14.0,2932471265,3,
3,8560.0,1185.338623046875,-8208.0,-1091986313,1,15047333731117812421,8.0,11.0,2932471265,2,
3,10704.0,1045.5634765625,-5696.0,320574184,1,8459402454785557004,15.0,18.0,1458396849,5,
3,10624.0,1033.001220703125,-5360.0,-1765654663,3,14704489846891637709,10.0,14.0,2655312513,3,
3,7952.0,1201.87109375,-7936.0,1769529292,1,13153600010798356730,9.0,12.0,1660241597,3,
3,7648.0,1192.466064453125,-7392.0,373209063,3,11674684839161203398,10.0,13.0,1638931339,3,
3,7520.0,1156.439697265625,-8096.0,-558249040,1,16704917665121713848,13.0,15.0,2453740842,5,
3,7376.0,1163.4130859375,-8256.0,1139088776,2,11446060588061559604,12.0,15.0,2250985392,3,
3,7808.0,1158.722412109375,-8384.0,229085601,1,1572057478134929344,15.0,18.0,1660241597,5,
3,11808.0,1098.06201171875,-6784.0,159642682,1,10151452368594523290,12.0,15.0,1641121368,4,
3,10944.0,1198.203857421875,-8128.0,1501738982,3,17887889094493132977,10.0,14.0,2655312513,3,
3,11504.0,1025.70361328125,-8944.0,-1187493433,2,995282688846651368,15.0,18.0,1641121368,5,
3,10944.0,1054.9267578125,-6032.0,-1676087074,1,14841730995895839335,12.0,15.0,1641121368,4,
3,9248.0,1124.365966796875,-12224.0,-2064258525,1,2088665060146391450,3.0,6.0,2655312513,1,
3,9920.0,1200.3271484375,-7680.0,299066291,1,18330056919109175873,6.0,10.0,1638931339,2,
3,12224.0,1118.51025390625,-7408.0,-1238574796,1,10120141250337290851,12.0,15.0,1641121368,4,
3,10640.0,1135.100341796875,-11264.0,-962172423,1,5915538619584169611,12.0,15.0,1641121368,4,
3,11200.0,1071.164794921875,-10560.0,421455742,1,6814540948084050434,12.0,15.0,1641121368,4,
3,11456.0,1032.1015625,-10832.0,-1530503275,3,17606255831703065120,10.0,14.0,1333330573,3,
3,10336.0,1175.451904296875,-9216.0,1158398909,3,9987194606978299706,12.0,15.0,1660241597,4,
3,10000.0,1174.0126953125,-9408.0,239885252,1,14018558025649223011,9.0,12.0,1660241597,3,
3,9648.0,1169.901611328125,-9488.0,1113576340,2,11399053370857282575,12.0,15.0,2250985392,3,
3,9680.0,1169.26318359375,-9616.0,126893625,2,13379590340681639157,12.0,15.0,2250985392,3,
3,11040.0,1081.619873046875,-6176.0,-931055204,1,4705603792875609844,15.0,18.0,1458396849,5,
3,10752.0,1046.776123046875,-5760.0,-2084749590,3,958191733271225705,14.0,18.0,1333330573,4,
3,9776.0,1155.030029296875,-6176.0,-1196441904,1,10647016510975549045,15.0,18.0,1660241597,5,
3,9472.0,1210.289794921875,-7568.0,-432656410,1,1884345181018492899,6.0,10.0,1638931339,2,
3,8768.0,1183.42236328125,-8336.0,522224299,1,17956432473792615794,4.0,8.0,2932471265,1,
3,9744.0,1187.591064453125,-8096.0,-648768156,2,5051147341071958957,6.0,9.0,1660241597,2,
3,9088.0,1182.4443359375,-6656.0,-1020441036,3,12854062132646570085,8.0,12.0,2250985392,2,
3,7648.0,1192.466064453125,-7392.0,373209063,3,7714274582374539720,13.0,16.0,1638931339,4,
3,9792.0,1183.527099609375,-8912.0,-1574126001,1,17944806154160390506,15.0,18.0,1660241597,5,
3,9744.0,1187.591064453125,-8096.0,1379006897,2,3357042943380864092,3.0,6.0,1638931339,1,
3,10416.0,1190.0478515625,-7440.0,1153641348,2,9697733825251524551,3.0,6.0,1638931339,1,
3,7376.0,1163.4130859375,-8256.0,2078956722,2,15091625594948484553,6.0,9.0,1660241597,2,
3,7248.0,1160.40966796875,-7520.0,728977286,1,1113847538275546036,3.0,6.0,2655312513,1,
3,10336.0,1216.181640625,-6976.0,-444466494,3,3717124086692726882,8.0,12.0,2250985392,2,
3,7152.0,1165.11376953125,-7456.0,-1371142432,3,1805172610397389092,10.0,13.0,1638931339,3,
3,10192.0,1202.903076171875,-7968.0,-1124730575,3,14862026959906033262,12.0,15.0,1660241597,4,
3,9632.0,1200.677978515625,-7328.0,1763927319,1,4927708161481420765,6.0,10.0,1638931339,2,
3,9920.0,1200.3271484375,-7680.0,-1061265952,1,2380811139647784488,3.0,6.0,1660241597,1,
3,9696.0,1188.067626953125,-7984.0,-1405240953,2,14028718701495603049,6.0,9.0,1660241597,2,
3,11520.0,1071.755615234375,-6560.0,-2042115448,1,4697879831645349046,9.0,12.0,1641121368,3,
3,8576.0,1199.93115234375,-6576.0,884164632,1,13616838846683512400,4.0,8.0,2932471265,1,
3,8000.0,1182.827392578125,-8208.0,170297280,3,9214086469753961971,13.0,16.0,1638931339,4,
3,9056.0,1116.986572265625,-11712.0,367246779,3,9252098752340220612,10.0,14.0,2655312513,3,
3,9248.0,1124.365966796875,-12224.0,-885381238,1,15738190490886357565,12.0,15.0,1458396849,4,
3,7360.0,1109.2529296875,-10752.0,532708261,1,3058347233610981135,12.0,15.0,1641121368,4,
3,7216.0,1097.936279296875,-10848.0,-98595378,3,14505450622980744067,14.0,18.0,1333330573,4,
3,7088.0,1097.3154296875,-10848.0,37683366,3,4272754694962216013,14.0,18.0,1333330573,4,
3,5760.0,1032.60205078125,-11200.0,1440767290,3,4240300742069220499,14.0,18.0,1333330573,4,
3,7456.0,1163.38037109375,-7776.0,-1331136984,2,6034523586126109721,3.0,6.0,1638931339,1,
3,7360.0,1163.74853515625,-7760.0,1170447958,2,17134935750787694516,3.0,6.0,1638931339,1,
3,7488.0,1163.417724609375,-8272.0,-1482470219,2,7986077775950629831,3.0,6.0,1638931339,1,
3,7376.0,1163.4130859375,-8256.0,-1758097929,2,17958073487009983313,3.0,6.0,1638931339,1,
3,7744.0,1174.500732421875,-8816.0,-487864018,1,8391680070631331050,0.0,3.0,2655312513,0,
3,10496.0,1190.373046875,-7600.0,2006647761,2,14475827262688892307,6.0,9.0,1660241597,2,
3,10448.0,1182.029541015625,-7520.0,-1672357317,1,11124949535918087445,5.0,7.0,2453740842,1,
3,10352.0,1190.64453125,-7296.0,-1649864331,2,5468063619322062715,3.0,6.0,1638931339,1,
3,7360.0,1163.74853515625,-7760.0,259474945,2,7488031243249279592,6.0,9.0,1660241597,2,
3,7136.0,1170.70849609375,-7760.0,626929609,1,11182605259928200023,6.0,10.0,1638931339,2,
3,9008.0,1184.126708984375,-8080.0,-642755778,2,15119126745052666267,6.0,9.0,1660241597,2,
3,10272.0,1191.008056640625,-7472.0,374302821,3,1378603073679174283,0.0,5.0,2453740842,0,
3,7472.0,1163.001953125,-7904.0,-1701233635,2,48908721435657663,3.0,6.0,1638931339,1,
3,7552.0,1162.05419921875,-8112.0,-747143284,2,2486206006860394896,3.0,6.0,1638931339,1,
3,11104.0,1122.514404296875,-6416.0,-1687267241,1,1492387826023690476,9.0,12.0,1641121368,3,
3,11696.0,1083.552978515625,-6704.0,-70586904,1,9382280722319723755,15.0,18.0,1458396849,5,
3,9872.0,1190.987060546875,-8368.0,1166361840,1,11303719229752626958,15.0,18.0,1660241597,5,
3,7808.0,1203.142822265625,-7712.0,841545745,3,15093933383624362304,10.0,13.0,1638931339,3,
3,7808.0,1203.142822265625,-7712.0,2132081499,3,11185666206009847542,12.0,15.0,1660241597,4,
3,9792.0,1189.639404296875,-7984.0,-799921554,2,2882369342314818219,3.0,6.0,1638931339,1,
3,9696.0,1188.067626953125,-7984.0,2097673898,2,296107174240950748,3.0,6.0,1638931339,1,
3,9904.0,1199.340576171875,-7904.0,-1042003735,1,17014004846923595051,3.0,6.0,1660241597,1,
3,10064.0,1208.071044921875,-7888.0,-907127984,1,5567428319763646591,4.0,8.0,2250985392,1,
3,10416.0,1187.104248046875,-7648.0,-285695382,1,6445170905627153057,5.0,7.0,2453740842,1,
3,10656.0,1224.260986328125,-7264.0,-1859742902,1,16286650809279200021,3.0,6.0,2655312513,1,
3,10656.0,1224.260986328125,-7264.0,116530800,1,17481139415797789123,4.0,8.0,2250985392,1,
3,10704.0,1230.673828125,-7120.0,-473839097,1,18351906806623797729,3.0,6.0,2655312513,1,
3,11632.0,1154.12353515625,-7072.0,-27142407,1,1777270741307675235,12.0,15.0,1458396849,4,
3,11632.0,1154.12353515625,-7072.0,-493194378,1,7961107710676588635,12.0,15.0,1641121368,4,
3,11648.0,1054.007568359375,-6544.0,1746743250,3,1230679945056788787,14.0,18.0,1333330573,4,
3,10848.0,1072.904541015625,-5968.0,-800470787,3,17225202783633497799,14.0,18.0,1333330573,4,
3,10688.0,1068.008544921875,-5888.0,-1073074296,3,3612397541263548042,10.0,14.0,1333330573,3,
3,10704.0,1045.5634765625,-5696.0,320574184,1,15107263966702617602,12.0,15.0,1458396849,4,
3,10656.0,1037.284423828125,-5536.0,415357089,3,13269736019013747303,14.0,18.0,1333330573,4,
3,7632.0,1192.7958984375,-7520.0,1545688055,1,6333788166187609330,6.0,10.0,1638931339,2,
3,10528.0,1208.05859375,-8096.0,1842424493,3,9128160880015777162,10.0,14.0,1466972895,3,
3,10368.0,1200.425537109375,-8368.0,45647872,3,4278227144798478684,8.0,12.0,2250985392,2,
3,8304.0,1197.321044921875,-9360.0,-1799856893,1,5880696336797829498,3.0,6.0,1660241597,1,
3,8288.0,1201.160400390625,-9808.0,1340122538,1,11389143597799522901,4.0,8.0,2932471265,1,
3,8288.0,1201.160400390625,-9808.0,1358669764,1,4096813191408278190,3.0,6.0,2655312513,1,
3,7952.0,1201.87109375,-7936.0,-76440054,1,11557092882607739984,0.0,3.0,2655312513,0,
3,11104.0,1122.51416015625,-6416.0,-1785728659,1,8623928331214929389,12.0,15.0,1458396849,4,
3,11520.0,1071.75537109375,-6560.0,-19934492,1,14303849979334016376,15.0,18.0,1458396849,5,
3,11760.0,1122.408935546875,-6944.0,532870347,1,12937921030260576224,15.0,18.0,1458396849,5,
3,10912.0,1054.705322265625,-5824.0,207590137,1,8672788345611210949,15.0,18.0,1458396849,5,
3,10560.0,1068.331787109375,-5872.0,-273089157,1,11546200234026346181,15.0,18.0,1458396849,5,
3,11424.0,1027.409912109375,-11520.0,-168565245,2,16785638642889817784,15.0,18.0,1641121368,5,
3,10704.0,1026.23486328125,-11984.0,1766893626,2,5685259381433455067,9.0,12.0,1458396849,3,
3,10336.0,1025.69287109375,-12160.0,-206263955,2,9265476654150248244,9.0,12.0,1458396849,3,
3,9136.0,1025.364501953125,-12688.0,-1068450423,2,16994517479947404439,9.0,12.0,1458396849,3,
3,7968.0,1025.856201171875,-11424.0,-917224962,2,2657245769816581511,9.0,12.0,1458396849,3,
3,11344.0,1078.8564453125,-6416.0,-2102586036,1,18041731818151593732,12.0,15.0,1641121368,4,
3,9808.0,1196.40966796875,-7776.0,-1467203320,1,10954966706343992418,3.0,6.0,1660241597,1,
3,9904.0,1195.227294921875,-8192.0,-504344527,1,3633833707616299849,3.0,6.0,1660241597,1,
3,10080.0,1203.501953125,-6976.0,1022283173,1,15825404190230388223,6.0,10.0,1638931339,2,
3,7696.0,1193.294677734375,-7712.0,539192103,1,1957424290411137559,3.0,6.0,1660241597,1,
3,9312.0,1185.6337890625,-8128.0,240127020,1,3166380029066438900,6.0,10.0,1638931339,2,
3,8560.0,1185.338623046875,-8208.0,-1091986313,1,15591995017078024138,4.0,8.0,2932471265,1,
3,9904.0,1195.227294921875,-8192.0,316757167,1,3059210439151853144,6.0,10.0,1638931339,2,
3,7072.0,1172.633056640625,-7392.0,136839702,1,1796366969138489498,4.0,8.0,2250985392,1,
3,7248.0,1160.409912109375,-7520.0,-1639707624,1,5231414765101702490,3.0,6.0,1466972895,1,
3,10512.0,1025.18505859375,-5168.0,2020193417,2,3741962376880747245,9.0,12.0,1458396849,3,
3,10112.0,1026.2568359375,-5104.0,-17693285,2,5396873954514133452,9.0,12.0,1458396849,3,
3,11424.0,1027.409912109375,-11520.0,1364052265,2,8977199532571853825,9.0,12.0,1458396849,3,
3,9088.0,1043.173095703125,-5312.0,-416284292,1,14994856554027552150,3.0,7.0,1333330573,1,
3,8992.0,1046.46728515625,-5312.0,-660505098,3,8966747856698343971,7.0,10.0,1333330573,2,
3,8992.0,1046.46728515625,-5312.0,531106937,3,16233307580654848565,6.0,10.0,2655312513,2,
3,8544.0,1081.67626953125,-5216.0,222845308,1,4411579054412607091,3.0,6.0,2655312513,1,
3,8416.0,1076.7880859375,-5216.0,400453252,3,12126589314656916366,6.0,10.0,2655312513,2,
3,11488.0,1026.87255859375,-9312.0,84403489,2,14026760145378238613,9.0,12.0,1458396849,3,
3,12592.0,1025.738525390625,-7904.0,-657353826,2,3800798711931897976,9.0,12.0,1458396849,3,
3,12624.0,1026.81787109375,-7712.0,-1660827254,2,7061022770793155474,9.0,12.0,1458396849,3,
3,12592.0,1029.976806640625,-7040.0,-628400767,2,8781596628586164408,9.0,12.0,1458396849,3,
3,12480.0,1026.506103515625,-7120.0,363578007,2,6266318231937700493,9.0,12.0,1458396849,3,
3,9312.0,1024.139892578125,-4896.0,-1287071760,2,14590295415481510583,9.0,12.0,1458396849,3,
3,8896.0,1024.168212890625,-4752.0,2089397064,2,16671571012556167586,9.0,12.0,1458396849,3,
3,8624.0,1026.04931640625,-4688.0,1685429590,2,8574305017249585633,9.0,12.0,1458396849,3,
3,7696.0,1025.69482421875,-4688.0,-1595116440,2,1183969796624204764,9.0,12.0,1458396849,3,
3,7552.0,1025.031494140625,-4768.0,165848916,2,2972947894773604301,9.0,12.0,1458396849,3,
3,7216.0,1026.18017578125,-4880.0,1161730921,2,8258312689616999262,9.0,12.0,1458396849,3,
3,6688.0,1027.783935546875,-5056.0,1246074149,2,16053640055328779867,9.0,12.0,1458396849,3,
3,6080.0,1025.637451171875,-5472.0,-1817930213,2,10835141384470226236,9.0,12.0,1458396849,3,
3,5936.0,1025.474365234375,-5696.0,-795166128,2,1257039423864787691,9.0,12.0,1458396849,3,
3,5712.0,1024.88037109375,-5712.0,-1852521589,2,5439692448486242664,9.0,12.0,1458396849,3,
3,4912.0,1028.76318359375,-6128.0,1019260716,2,11352198182021798882,9.0,12.0,1458396849,3,
3,4864.0,1026.3984375,-6240.0,-635674403,2,257854423956178108,9.0,12.0,1458396849,3,
3,4672.0,1025.3798828125,-6416.0,1815660606,2,18003394389476604286,9.0,12.0,1458396849,3,
3,4768.0,1024.307861328125,-6272.0,834539624,2,16838690594476573410,9.0,12.0,1458396849,3,
3,5104.0,1026.130615234375,-10624.0,-449692727,2,17880090884200139664,9.0,12.0,1458396849,3,
3,5520.0,1027.063232421875,-10976.0,251950637,2,4356188178408196376,9.0,12.0,1458396849,3,
3,5600.0,1026.580810546875,-11104.0,-503593603,2,8533269438873476820,9.0,12.0,1458396849,3,
3,7232.0,1024.080078125,-11488.0,1913757091,2,36416145862239282,9.0,12.0,1458396849,3,
3,7856.0,1025.79248046875,-11776.0,284008141,2,10418643858975494630,9.0,12.0,1458396849,3,
3,8016.0,1024.566650390625,-12048.0,1864736664,2,93727705329050838,9.0,12.0,1458396849,3,
3,9312.0,1025.680908203125,-12688.0,-2087029477,2,14699892796804534465,9.0,12.0,1458396849,3,
3,10080.0,1024.01123046875,-12304.0,2067053641,2,14494688199791787524,9.0,12.0,1458396849,3,
3,10848.0,1026.083984375,-11936.0,1304621205,2,13430388351234762984,9.0,12.0,1458396849,3,
3,11472.0,1025.664306640625,-10528.0,-1959904682,2,15212582253081980826,9.0,12.0,1458396849,3,
3,11440.0,1026.07763671875,-10336.0,2018794316,2,9063077500105178086,9.0,12.0,1458396849,3,
3,11440.0,1025.08203125,-10160.0,189982794,2,18050882515912177766,9.0,12.0,1458396849,3,
3,11392.0,1027.02783203125,-10016.0,-516045813,2,12039747544031054013,9.0,12.0,1458396849,3,
3,9696.0,1060.376220703125,-5600.0,304311493,3,15526761932021910599,6.0,10.0,2655312513,2,
2,-8640.0,1029.975341796875,-8176.0,1742621446,2,4274039349762354586,8.0,12.0,2311733206,2,
2,-8608.0,1031.90771484375,-8048.0,-891526764,2,7932672451613744807,8.0,12.0,2311733206,2,
2,-8544.0,1031.81787109375,-7920.0,439598014,2,2332896277739218668,8.0,12.0,2311733206,2,
2,-10304.0,1149.625,-5600.0,-1399415828,2,6172055761435221638,8.0,12.0,2311733206,2,
2,-10288.0,1149.519287109375,-5680.0,280312697,2,1955658297326406263,8.0,12.0,2311733206,2,
2,-9968.0,1175.104248046875,-5696.0,-502290014,2,3718660416575970822,8.0,12.0,2311733206,2,
2,-11584.0,1094.34619140625,-6928.0,-1244108827,2,6592086244924836996,8.0,12.0,2311733206,2,
2,-8016.0,1038.716552734375,-6464.0,-932451742,2,6766509624463490967,8.0,12.0,2311733206,2,
2,-7872.0,1042.595703125,-6208.0,304695837,2,13758569018681520647,8.0,12.0,2311733206,2,
2,-8400.0,1031.439208984375,-7488.0,1906645389,2,13445262869040596043,8.0,12.0,2311733206,2,
2,-5776.0,1170.015380859375,-8320.0,271072886,2,479959790390443686,12.0,16.0,4205700664,3,
2,-8352.0,1038.32763671875,-7072.0,584351650,2,13902356293850877368,8.0,12.0,2311733206,2,
2,-8160.0,1038.46728515625,-6704.0,-475107892,2,7853963231904161460,8.0,12.0,2311733206,2,
2,-7632.0,1061.32177734375,-5872.0,-1221351845,2,18357223980657305054,8.0,12.0,2311733206,2,
2,-10896.0,1050.64453125,-6128.0,-1359248443,2,5259624976191169726,8.0,12.0,2311733206,2,
2,-8496.0,1030.525146484375,-7792.0,-1003443947,2,10197920623928065343,8.0,12.0,2311733206,2,
2,-9504.0,1183.0625,-6032.0,638273773,2,14792752964420802473,8.0,12.0,2311733206,2,
2,-11200.0,1153.749755859375,-5360.0,602078625,2,1196455515456606019,12.0,16.0,4205700664,3,
2,-11104.0,1153.681640625,-5360.0,-146076091,2,2354635916360603910,8.0,12.0,2311733206,2,
2,-10080.0,1179.195068359375,-5216.0,-606374207,2,6187781306355533688,12.0,16.0,4205700664,3,
2,-5216.0,1181.741455078125,-8288.0,-1210022593,2,9817527198599266013,12.0,16.0,4205700664,3,
2,-4304.0,1246.9521484375,-7280.0,372427880,2,12138910485175276472,12.0,16.0,4205700664,3,
2,-5072.0,1160.7666015625,-9008.0,-510644351,2,15130706935861577100,3.0,6.0,810381594,1,
2,-5808.0,1160.725830078125,-9168.0,1956964071,2,3312948544171812015,3.0,6.0,810381594,1,
2,-5248.0,1160.72900390625,-9440.0,-433879926,2,17004356364514981104,3.0,6.0,810381594,1,
2,-8720.0,1062.400390625,-8032.0,-735951511,1,4120758977123759947,12.0,16.0,2311733206,3,
2,-6064.0,1385.633544921875,-6592.0,-1116563423,2,3289197337833284987,8.0,12.0,2311733206,2,
2,-5472.0,1395.66064453125,-6240.0,-357831378,1,6998013590872905920,12.0,16.0,2311733206,3,
2,-5536.0,1380.990478515625,-6592.0,1844406275,2,5521541286478560623,8.0,12.0,2311733206,2,
2,-5552.0,1381.123291015625,-6448.0,1387418037,2,7392654907318317669,8.0,12.0,2311733206,2,
2,-10976.0,1182.383544921875,-5248.0,2034822661,1,3883425327252044105,12.0,16.0,2311733206,3,
2,-5648.0,1381.181884765625,-6688.0,759549335,2,11712532976739010031,8.0,12.0,2311733206,2,
2,-10080.0,1179.195068359375,-5216.0,901897814,2,4584216949432366032,8.0,12.0,2311733206,2,
2,-5824.0,1381.19921875,-6432.0,472209277,2,10236801468873591888,8.0,12.0,2311733206,2,
2,-10176.0,1126.008544921875,-6592.0,-485148539,2,13498802359150692206,12.0,16.0,4205700664,3,
2,-5712.0,1160.82666015625,-9008.0,-136498972,2,1465386703603518811,12.0,16.0,4205700664,3,
2,-8992.0,1039.900390625,-10320.0,2027252500,1,3701914711662401760,8.0,12.0,2478618166,2,
2,-9120.0,1026.583984375,-11728.0,-1069022026,2,15609523956484368600,12.0,16.0,4205700664,3,
2,-5680.0,1381.1689453125,-6368.0,1895275767,2,16671089533212240239,8.0,12.0,2311733206,2,
2,-8368.0,1038.117919921875,-7200.0,-63212515,2,4862082813642499225,8.0,12.0,2311733206,2,
2,-7200.0,1081.525634765625,-5264.0,-186512223,2,15398621263620736618,12.0,16.0,4205700664,3,
2,-7296.0,1081.548583984375,-5408.0,-150818493,2,5535387236284454931,8.0,12.0,2311733206,2,
2,-7008.0,1081.59326171875,-4976.0,1650882866,2,16058368461582584656,12.0,16.0,4205700664,3,
2,-5760.0,1381.032958984375,-6576.0,1648662042,2,10094874436984030870,12.0,16.0,4205700664,3,
2,-6208.0,1368.77783203125,-6272.0,1249136066,2,10735382255541905344,12.0,16.0,4205700664,3,
2,-5584.0,1160.6796875,-9152.0,-1179379674,2,18140406840710175957,4.0,8.0,2478618166,1,
2,-4848.0,1160.719482421875,-9024.0,-2106280952,2,4106976008882591818,4.0,8.0,2478618166,1,
2,-8224.0,1038.631103515625,-6832.0,-685474396,2,10591747598547249619,12.0,16.0,4205700664,3,
2,-7872.0,1042.595703125,-6208.0,-175596507,2,10160948252083766930,12.0,16.0,4205700664,3,
2,-7680.0,1055.386474609375,-6000.0,-1264469826,2,16783872063122084036,12.0,16.0,4205700664,3,
2,-6944.0,1081.350830078125,-4832.0,-560072794,2,17021846804193874870,12.0,16.0,4205700664,3,
2,-8880.0,1026.613037109375,-9776.0,1626342515,2,14375597509947550965,12.0,16.0,4205700664,3,
2,-4736.0,1160.620361328125,-9376.0,1990692223,2,18348215745324398994,12.0,16.0,4205700664,3,
2,-4736.0,1160.72412109375,-9168.0,-1042907244,2,6684493153415565310,12.0,16.0,4205700664,3,
2,-9152.0,1037.1611328125,-10240.0,1288594579,1,9324732253858740259,8.0,12.0,2478618166,2,
2,-4640.0,1166.672607421875,-9376.0,110923013,3,7106416447918164725,12.0,16.0,2478618166,3,
2,-5648.0,1381.181884765625,-6688.0,474063664,2,13052162756474934009,12.0,16.0,4205700664,3,
2,-7488.0,1456.29150390625,-8304.0,1395080958,3,9423140431005937931,12.0,16.0,966469536,3,
2,-5600.0,1389.348876953125,-6816.0,-1752022694,1,5751792229500099782,12.0,16.0,2311733206,3,
2,-10304.0,1149.625,-5600.0,807388591,2,7875985840630921784,12.0,16.0,4205700664,3,
2,-9968.0,1175.104248046875,-5696.0,162951334,2,6319342795771739649,12.0,16.0,4205700664,3,
2,-9312.0,1026.690673828125,-11696.0,-1638597348,2,6860268199043335382,12.0,16.0,4205700664,3,
2,-5824.0,1381.19921875,-6432.0,-758812319,2,2466702347123245961,12.0,16.0,4205700664,3,
2,-8496.0,1030.525146484375,-7792.0,848803353,2,15247206771411086164,12.0,16.0,4205700664,3,
2,-10256.0,1095.33642578125,-7936.0,1441839283,3,5185377620981890200,12.0,16.0,810381594,4,
2,-7760.0,1048.712158203125,-6128.0,1992741067,2,1568989000934196562,8.0,12.0,2311733206,2,
2,-5552.0,1381.123291015625,-6448.0,238425195,2,6787853595445658341,12.0,16.0,4205700664,3,
2,-8880.0,1026.4833984375,-8928.0,-176378589,2,8539031712802812958,12.0,16.0,4205700664,3,
2,-7760.0,1048.712158203125,-6128.0,2108507846,2,10787941121837930709,12.0,16.0,4205700664,3,
2,-9696.0,1173.2119140625,-4992.0,177184325,2,7319998871997006389,12.0,16.0,4205700664,3,
2,-9600.0,1173.08349609375,-4976.0,40231321,2,2512173508451132090,8.0,12.0,2311733206,2,
2,-5856.0,1176.27734375,-9952.0,1755053755,2,16273311329215143327,12.0,16.0,4205700664,3,
2,-5104.0,1160.5302734375,-9552.0,48050549,2,5858524436281282612,12.0,16.0,4205700664,3,
2,-8848.0,1026.416259765625,-9456.0,1689744542,2,16629314659316936265,12.0,16.0,4205700664,3,
2,-8704.0,1027.721923828125,-8320.0,-972100860,2,17954667542178719466,12.0,16.0,4205700664,3,
2,-8544.0,1031.81787109375,-7920.0,-972747879,2,11129292491971416099,12.0,16.0,4205700664,3,
2,-8400.0,1031.439208984375,-7488.0,1302932394,2,8849334006372541700,12.0,16.0,4205700664,3,
2,-9072.0,1029.496337890625,-9056.0,-1591431632,2,10315986197697432541,12.0,16.0,4205700664,3,
2,-5536.0,1380.990478515625,-6592.0,736412506,2,5155953139443951706,12.0,16.0,4205700664,3,
2,-7040.0,1081.55712890625,-4832.0,1503157581,2,14476919273251964678,12.0,16.0,4205700664,3,
2,-10224.0,1026.3935546875,-10176.0,-1100758459,2,1645437474304699463,12.0,16.0,4205700664,3,
2,-10352.0,1026.396484375,-10288.0,1200594866,2,987881010268575549,12.0,16.0,4205700664,3,
2,-10544.0,1026.931396484375,-10560.0,1328656760,2,11172020269695695826,12.0,16.0,4205700664,3,
2,-10640.0,1026.297607421875,-10944.0,247167486,2,11986992716891912261,12.0,16.0,4205700664,3,
2,-5680.0,1381.1689453125,-6368.0,1535242803,2,172849182055557360,12.0,16.0,4205700664,3,
2,-8352.0,1038.327880859375,-7072.0,-1807010403,2,1993502339044144248,12.0,16.0,4205700664,3,
2,-8064.0,1038.863037109375,-6608.0,1577729543,2,13474076762836955926,12.0,16.0,4205700664,3,
2,-7296.0,1081.548828125,-5408.0,203604404,2,3464469344260010828,12.0,16.0,4205700664,3,
2,-7120.0,1081.56787109375,-4976.0,-167765887,2,11441811975492025230,12.0,16.0,4205700664,3,
2,-9920.0,1026.5654296875,-11616.0,756501229,2,17397723089420528539,12.0,16.0,4205700664,3,
2,-10320.0,1089.685302734375,-7792.0,69723562,2,289196418122171377,12.0,16.0,4205700664,3,
2,-9600.0,1173.08349609375,-4976.0,-144382944,2,14845867953964272695,12.0,16.0,4205700664,3,
2,-9696.0,1173.2119140625,-4992.0,1424196800,2,5614922502462010499,8.0,12.0,2311733206,2,
2,-9248.0,1185.1005859375,-5056.0,1535265385,2,9366727528265128004,12.0,16.0,4205700664,3,
2,-9152.0,1185.368408203125,-5040.0,-107810593,2,11800024812045412841,12.0,16.0,4205700664,3,
2,-7632.0,1061.322021484375,-5872.0,738244306,2,9849758607979946284,12.0,16.0,4205700664,3,
2,-7504.0,1071.9189453125,-5744.0,1907801340,2,13037132763221645096,8.0,12.0,2311733206,2,
2,-7424.0,1079.409423828125,-5568.0,-13308859,2,16266660891691962263,8.0,12.0,2311733206,2,
2,-11504.0,1028.503173828125,-8864.0,1885617998,2,17795412433063683554,12.0,16.0,4205700664,3,
2,-4960.0,1160.433837890625,-9600.0,-485227952,2,6014095569632397521,12.0,16.0,4205700664,3,
2,-5008.0,1167.931884765625,-9728.0,1238044086,3,2541418162511861985,12.0,16.0,2478618166,3,
2,-7744.0,1026.9580078125,-10992.0,761797153,2,17077747142297309938,12.0,16.0,4205700664,3,
2,-6224.0,1026.648681640625,-11296.0,-901430709,2,15852965469666475293,12.0,16.0,4205700664,3,
2,-6560.0,1026.564208984375,-11344.0,543454666,2,10774754943298317966,12.0,16.0,4205700664,3,
2,-5312.0,1026.495849609375,-11520.0,-993367270,2,10101712833152554507,12.0,16.0,4205700664,3,
2,-5952.0,1176.657470703125,-9888.0,720470262,2,2048631021660404837,12.0,16.0,4205700664,3,
2,-5152.0,1181.69580078125,-8400.0,698127692,2,16456331180047760268,12.0,16.0,4205700664,3,
2,-5936.0,1170.156005859375,-8368.0,1071779406,2,8497379853281658148,12.0,16.0,4205700664,3,
2,-4992.0,1026.723876953125,-11600.0,-1485243095,2,9998975168469983910,12.0,16.0,4205700664,3,
2,-9264.0,1026.403076171875,-8960.0,861709485,2,7274266662987909467,12.0,16.0,4205700664,3,
2,-5264.0,1181.7548828125,-8400.0,-12182438,2,14710445882936945336,12.0,16.0,4205700664,3,
2,-9280.0,1026.380859375,-10192.0,-575040412,2,10680902181772794944,12.0,16.0,4205700664,3,
2,-6256.0,1368.784912109375,-6336.0,-745981313,2,17408537282955529434,12.0,16.0,4205700664,3,
2,-9104.0,1026.296875,-10112.0,-626730117,2,9859597077285341523,12.0,16.0,4205700664,3,
2,-4768.0,1397.125,-5952.0,-1514503712,2,7145550388858498393,12.0,16.0,4205700664,3,
2,-4768.0,1396.995361328125,-6032.0,272612593,2,10203239648664828328,8.0,12.0,2311733206,2,
2,-5440.0,1398.71240234375,-5872.0,-1906362833,2,10444388947445185136,12.0,16.0,4205700664,3,
2,-9600.0,1183.18115234375,-6064.0,-1025855101,2,6938083030633885739,12.0,16.0,4205700664,3,
2,-8928.0,1178.216552734375,-6128.0,-127778123,2,5883628775725143735,8.0,12.0,2311733206,2,
2,-5968.0,1177.55126953125,-9792.0,-1074390783,3,4052742374186474955,12.0,16.0,2478618166,3,
2,-8976.0,1027.38525390625,-9792.0,-1363698913,2,14626386829644878372,12.0,16.0,4205700664,3,
2,-4768.0,1396.995361328125,-6032.0,484908396,2,13554817542846619156,12.0,16.0,4205700664,3,
2,-6064.0,1385.63330078125,-6592.0,1645773916,2,12349699134242350853,12.0,16.0,4205700664,3,
2,-6096.0,1383.32080078125,-6480.0,896495050,1,7356703163079818188,12.0,16.0,2311733206,3,
2,-5360.0,1187.364501953125,-8192.0,-256525017,1,8722356332140406684,16.0,20.0,2478618166,4,
2,-8288.0,1026.4296875,-10912.0,1816941299,2,1021081476031152439,12.0,16.0,4205700664,3,
2,-9984.0,1168.833740234375,-6032.0,-579163883,3,12104364878734033612,8.0,12.0,966469536,2,
2,-11904.0,1043.718017578125,-8240.0,-732178256,2,17574190078255536458,12.0,16.0,4205700664,3,
2,-11792.0,1056.35205078125,-7840.0,-143181379,2,9660884206022129412,12.0,16.0,4205700664,3,
2,-9456.0,1026.398193359375,-8944.0,1853029570,2,15939234741540531518,12.0,16.0,4205700664,3,
2,-10000.0,1027.3017578125,-9184.0,-966342391,2,3570829628935731338,12.0,16.0,4205700664,3,
2,-10400.0,1026.437255859375,-9520.0,966383161,2,16682885153674007005,12.0,16.0,4205700664,3,
2,-10464.0,1026.346923828125,-9648.0,-1822198731,2,1561591024627250532,12.0,16.0,4205700664,3,
2,-6112.0,1385.60107421875,-6672.0,197705410,2,5940123572114418030,8.0,12.0,2311733206,2,
2,-6112.0,1385.60107421875,-6672.0,1727800198,2,16370983136838419610,12.0,16.0,4205700664,3,
2,-5536.0,1398.43310546875,-5856.0,-1633063852,2,6379223376923912427,12.0,16.0,4205700664,3,
2,-5328.0,1412.583740234375,-5904.0,862434676,3,10645068333213175204,12.0,16.0,966469536,3,
2,-11744.0,1114.751708984375,-6224.0,326391338,2,118787502594582749,12.0,16.0,4205700664,3,
2,-10976.0,1050.642333984375,-6144.0,290944007,2,1490761954138035173,12.0,16.0,4205700664,3,
2,-10976.0,1051.428955078125,-6048.0,1660470939,2,5790365821225765976,12.0,16.0,4205700664,3,
2,-11072.0,1055.834228515625,-5920.0,-1496625868,1,2616222522391165406,12.0,16.0,2311733206,3,
2,-11104.0,1052.456787109375,-6240.0,1322634103,1,4844817985224525362,12.0,16.0,2311733206,3,
2,-8528.0,1026.5419921875,-11216.0,-303468555,2,12956311917698672360,12.0,16.0,4205700664,3,
2,-9440.0,1188.395263671875,-6000.0,-1391233654,3,13978479845212816372,12.0,16.0,966469536,3,
2,-10880.0,1026.238037109375,-9536.0,1177935375,2,12915593944585771408,12.0,16.0,4205700664,3,
2,-10992.0,1027.3037109375,-9424.0,1984621047,2,16183824260627007438,12.0,16.0,4205700664,3,
2,-8928.0,1178.216552734375,-6128.0,-1509790531,2,18370747396777036817,12.0,16.0,4205700664,3,
2,-11680.0,1056.140625,-7824.0,-1235923395,2,4543728799884195519,12.0,16.0,4205700664,3,
2,-8656.0,1030.458251953125,-10624.0,-807549273,2,11295244500669862293,12.0,16.0,4205700664,3,
2,-10736.0,1062.8212890625,-8304.0,-1536817346,2,2797229948369684097,12.0,16.0,4205700664,3,
2,-7296.0,1094.643310546875,-10112.0,-1844692015,2,3253447249000699010,12.0,16.0,4205700664,3,
2,-4848.0,1160.719482421875,-9024.0,-534619257,2,10505198441844368716,12.0,16.0,4205700664,3,
2,-5216.0,1169.600341796875,-9584.0,-254068687,1,4685736892566949689,8.0,12.0,2478618166,2,
2,-7424.0,1074.864013671875,-10528.0,-818183953,2,8900729761929630258,12.0,16.0,4205700664,3,
2,-10032.0,1026.345458984375,-10160.0,-1674577523,2,7165596557073465749,12.0,16.0,4205700664,3,
2,-10832.0,1042.806396484375,-8640.0,-203596408,2,4720968927908678160,12.0,16.0,4205700664,3,
2,-10848.0,1036.084228515625,-8960.0,-170660951,2,10112178550934570297,12.0,16.0,4205700664,3,
2,-8336.0,1113.001953125,-6224.0,214817513,1,9953149516272886289,8.0,11.0,1383761304,2,
2,-7376.0,1081.66650390625,-5392.0,-1168956549,2,4941273754916979011,12.0,16.0,4205700664,3,
2,-10112.0,1179.704345703125,-5392.0,-589355484,1,5200165097337919275,14.0,18.0,1383761304,4,
2,-11104.0,1153.681640625,-5360.0,1378579613,2,14672757950821172695,12.0,16.0,4205700664,3,
2,-7296.0,1094.340576171875,-10016.0,425961783,2,18417334203288866600,12.0,16.0,4205700664,3,
2,-9504.0,1176.375,-4992.0,-1305308021,3,3227664672363981003,12.0,16.0,966469536,3,
2,-11184.0,1026.377197265625,-9680.0,17611785,2,10927965481641882446,12.0,16.0,4205700664,3,
2,-8624.0,1173.387451171875,-6144.0,-62552447,3,17502141480224506977,12.0,16.0,810381594,4,
2,-8240.0,1097.20458984375,-6304.0,1466726320,1,2038486161787718918,14.0,18.0,1383761304,4,
2,-9072.0,1192.667724609375,-4976.0,1023496949,3,11155721288626353569,12.0,16.0,966469536,3,
2,-9696.0,1084.90673828125,-11520.0,-1361165513,3,11550865086960257770,10.0,14.0,1670486158,3,
2,-8864.0,1177.992431640625,-6016.0,122527423,2,11020152247769773779,12.0,16.0,4205700664,3,
2,-5248.0,1186.447265625,-8544.0,1850590630,1,12714978134605719242,8.0,12.0,2478618166,2,
2,-6896.0,1436.35546875,-7376.0,21542095,2,16228151398458135449,12.0,16.0,4205700664,3,
2,-7104.0,1465.619140625,-7616.0,-1681558020,1,6513592143138661779,12.0,16.0,2311733206,3,
2,-7520.0,1325.16064453125,-7968.0,1766280128,2,8191356410771747675,8.0,12.0,2311733206,2,
2,-7504.0,1363.699951171875,-8160.0,-649371509,2,7617884015860916589,8.0,12.0,2311733206,2,
2,-7632.0,1437.498046875,-8320.0,1324297202,3,7449586252429116413,11.0,14.0,1383761304,3,
2,-7680.0,1380.543701171875,-8944.0,-1409593364,2,8287308725093173383,8.0,12.0,2311733206,2,
2,-7616.0,1378.01708984375,-9040.0,261644929,1,2022459029945527455,12.0,16.0,2311733206,3,
2,-7472.0,1312.97509765625,-9152.0,2125056560,2,5077003359789759725,8.0,12.0,2311733206,2,
2,-9440.0,1188.395263671875,-6000.0,376453791,3,7426851261067787073,14.0,17.0,1670486158,4,
2,-10112.0,1126.0654296875,-6720.0,-494855975,2,17450674117652049190,12.0,16.0,4205700664,3,
2,-10208.0,1125.967529296875,-6704.0,1078007139,2,17182779210884933594,12.0,16.0,4205700664,3,
2,-6400.0,1370.782958984375,-6320.0,-1709202278,3,14868288789577403559,9.0,12.0,810381594,3,
2,-10032.0,1133.857666015625,-6800.0,-1620952870,1,15200076221503181202,12.0,16.0,2311733206,3,
2,-11664.0,1094.1982421875,-7088.0,2107014516,2,17177711315388452952,12.0,16.0,4205700664,3,
2,-11648.0,1094.44775390625,-6976.0,2035450441,2,1161516281924917891,12.0,16.0,4205700664,3,
2,-11392.0,1109.889892578125,-6976.0,-726861132,3,13837762583045544957,12.0,16.0,966469536,3,
2,-5872.0,1386.202392578125,-6560.0,-1005355330,1,16032914006878415615,17.0,21.0,1670486158,5,
2,-5072.0,1160.7666015625,-9008.0,-1487030017,2,10703064024099638453,12.0,16.0,4205700664,3,
2,-6400.0,1370.782958984375,-6320.0,-431100959,3,9496191764980432648,12.0,16.0,966469536,3,
2,-9616.0,1026.4755859375,-8992.0,-261980323,2,9510341749862519763,4.0,8.0,966469536,1,
2,-9456.0,1026.398193359375,-8944.0,-559769341,2,8587759853076657204,4.0,8.0,2478618166,1,
2,-9424.0,1025.83544921875,-9168.0,-1942609342,2,12632593088174516865,4.0,8.0,2478618166,1,
2,-9456.0,1026.398193359375,-8944.0,-2076299333,2,10269661606944628042,4.0,8.0,966469536,1,
2,-9168.0,1025.930908203125,-9152.0,762872959,2,17555644093994739006,4.0,8.0,2478618166,1,
2,-8848.0,1026.416259765625,-9456.0,-101327259,2,4767934920868893092,4.0,8.0,2478618166,1,
2,-8880.0,1026.613037109375,-9776.0,1490835386,2,7908978417739794557,4.0,8.0,2478618166,1,
2,-8880.0,1026.613037109375,-9776.0,1480840744,2,10250052239151692464,4.0,8.0,966469536,1,
2,-9264.0,1024.562744140625,-9872.0,-244894365,2,3162310695179254733,4.0,8.0,2478618166,1,
2,-9424.0,1025.4384765625,-9920.0,414409739,2,600050494177625726,4.0,8.0,2478618166,1,
2,-9536.0,1031.776611328125,-10112.0,425036982,2,12007285327288603987,4.0,8.0,966469536,1,
2,-9536.0,1031.776611328125,-10112.0,81347270,2,18074302523708100693,4.0,8.0,2478618166,1,
2,-9712.0,1026.718505859375,-10096.0,1993868565,2,10906830468535585148,4.0,8.0,2478618166,1,
2,-9712.0,1026.718505859375,-10096.0,1507086973,2,7560457202268747189,4.0,8.0,966469536,1,
2,-9712.0,1026.718505859375,-10096.0,2123501317,2,9233715640260667219,3.0,6.0,810381594,1,
2,-10032.0,1026.345458984375,-10160.0,1303799000,2,2443879440283659474,4.0,8.0,2478618166,1,
2,-10032.0,1026.345458984375,-10160.0,-2089069189,2,7188363794130956028,4.0,8.0,966469536,1,
2,-10256.0,1026.1826171875,-9872.0,1792897791,2,7376591828656347118,4.0,8.0,2478618166,1,
2,-10352.0,1026.396484375,-10288.0,725944828,2,6129675979582705097,4.0,8.0,2478618166,1,
2,-10448.0,1026.478515625,-10416.0,675694787,2,13453100711375649307,4.0,8.0,2478618166,1,
2,-10544.0,1026.931396484375,-10560.0,-1235991875,2,2301323716059277711,4.0,8.0,966469536,1,
2,-10640.0,1026.237060546875,-10752.0,655920858,2,11734974756923408290,4.0,8.0,966469536,1,
2,-9920.0,1026.5654296875,-11616.0,1372596221,2,3612873361728228172,4.0,8.0,966469536,1,
2,-9632.0,1026.587890625,-11760.0,391477319,2,8682073034011115575,4.0,8.0,2478618166,1,
2,-9632.0,1026.587890625,-11760.0,1856941349,2,501996344467833735,4.0,8.0,966469536,1,
2,-9936.0,1026.671875,-11792.0,1307079850,2,13318508827201710674,4.0,8.0,2478618166,1,
2,-9456.0,1026.56787109375,-11728.0,592438181,2,12365985553404293995,4.0,8.0,2478618166,1,
2,-9440.0,1025.567138671875,-11904.0,1303480302,2,8247841238699541850,4.0,8.0,2478618166,1,
2,-9120.0,1026.583984375,-11728.0,-1541378395,2,11295105031369805979,4.0,8.0,966469536,1,
2,-9120.0,1026.583984375,-11728.0,-1262687801,2,18219692347446656595,4.0,8.0,2478618166,1,
2,-8912.0,1026.52001953125,-11712.0,319820286,2,2486984806653951235,4.0,8.0,966469536,1,
2,-8800.0,1026.80126953125,-11904.0,-535273607,2,6268567878581891457,4.0,8.0,2478618166,1,
2,-8448.0,1026.455322265625,-11392.0,1159525183,2,985231089443068424,4.0,8.0,2478618166,1,
2,-8528.0,1026.5419921875,-11216.0,-708683648,2,15875743500171645465,3.0,6.0,810381594,1,
2,-8288.0,1026.4296875,-10912.0,-39975615,2,10813950364085386417,4.0,8.0,2478618166,1,
2,-8160.0,1026.595458984375,-10992.0,-1264108611,2,2876836969360438635,4.0,8.0,966469536,1,
2,-8160.0,1026.595458984375,-10992.0,1498761683,2,263351397003509028,4.0,8.0,2478618166,1,
2,-7744.0,1026.9580078125,-10992.0,1714108489,2,6448850217526990589,4.0,8.0,966469536,1,
2,-7856.0,1026.5302734375,-11520.0,-401473195,2,16612610840637155648,4.0,8.0,2478618166,1,
2,-6400.0,1026.62255859375,-11344.0,2117853145,2,17214729374800996889,4.0,8.0,2478618166,1,
2,-6400.0,1026.62255859375,-11344.0,281229786,2,1123142516262555042,4.0,8.0,966469536,1,
2,-6176.0,1026.55615234375,-11664.0,-751055588,2,1854016544970990631,4.0,8.0,2478618166,1,
2,-5472.0,1026.717529296875,-11440.0,2008588050,2,17680192027170746364,4.0,8.0,2478618166,1,
2,-5264.0,1181.7548828125,-8400.0,-1392991944,2,13047493170018032465,4.0,8.0,2478618166,1,
2,-5152.0,1181.69580078125,-8400.0,1017919165,2,16754588818940013062,4.0,8.0,2478618166,1,
2,-5152.0,1181.69580078125,-8400.0,-1471434411,2,3296078261148727337,4.0,8.0,966469536,1,
2,-5216.0,1181.741455078125,-8288.0,-147978599,2,9168817958553015754,4.0,8.0,2478618166,1,
2,-5216.0,1181.741455078125,-8288.0,-188297286,2,17586859656668242440,4.0,8.0,966469536,1,
2,-5456.0,1160.692138671875,-9088.0,1608797040,2,6225159980711305375,4.0,8.0,2478618166,1,
2,-5808.0,1160.725830078125,-9168.0,-456676836,2,6596335519070478957,4.0,8.0,966469536,1,
2,-5712.0,1160.826416015625,-9008.0,-257364012,2,15927250617640490446,4.0,8.0,2478618166,1,
2,-5472.0,1160.811279296875,-9376.0,109669496,2,7710439325500556926,4.0,8.0,966469536,1,
2,-5472.0,1160.811279296875,-9376.0,-130756609,2,2010418422821006035,4.0,8.0,2478618166,1,
2,-5248.0,1160.72900390625,-9440.0,2008383123,2,5028329445749318781,4.0,8.0,966469536,1,
2,-5120.0,1160.712158203125,-9312.0,-583632007,2,1773883597082659513,4.0,8.0,2478618166,1,
2,-5104.0,1160.5302734375,-9552.0,-1751339251,2,13965810632443627032,4.0,8.0,2478618166,1,
2,-4960.0,1160.433837890625,-9600.0,-1581154252,2,9172542405044710520,4.0,8.0,966469536,1,
2,-4960.0,1160.433837890625,-9600.0,-1204133968,2,5844869592022931675,4.0,8.0,2478618166,1,
2,-4912.0,1160.599853515625,-9440.0,1348127150,2,17594244181706984392,4.0,8.0,2478618166,1,
2,-4944.0,1160.826171875,-9184.0,-385885912,2,11785064270410089606,4.0,8.0,2478618166,1,
2,-4736.0,1160.72412109375,-9168.0,1849165748,2,9167321648260782719,4.0,8.0,966469536,1,
2,-4736.0,1160.620361328125,-9376.0,-2055233936,2,8396073662968168439,4.0,8.0,2478618166,1,
2,-4736.0,1160.72412109375,-9168.0,-52338862,2,9958642231645950968,4.0,8.0,2478618166,1,
2,-5072.0,1160.7666015625,-9008.0,-1131490627,2,5836125674738164080,4.0,8.0,2478618166,1,
2,-5072.0,1160.7666015625,-9008.0,1340182552,2,16420319447426534743,4.0,8.0,966469536,1,
2,-11152.0,1047.183349609375,-8464.0,-227403479,2,13622459884529032292,4.0,8.0,966469536,1,
2,-11296.0,1047.090576171875,-8432.0,1859238751,2,11121492567390376062,4.0,8.0,966469536,1,
2,-11296.0,1047.090576171875,-8432.0,1778371000,2,2407768506938573501,4.0,8.0,2478618166,1,
2,-11120.0,1061.50927734375,-7968.0,1397877875,2,2308374278994777111,4.0,8.0,2478618166,1,
2,-11056.0,1061.570068359375,-8128.0,1853256670,2,2959765789049702398,4.0,8.0,2478618166,1,
2,-11056.0,1061.570068359375,-8128.0,1771044272,2,8715471384412600866,4.0,8.0,966469536,1,
2,-11552.0,1051.92333984375,-8224.0,-2144550064,2,1532821657193847206,4.0,8.0,2478618166,1,
2,-11552.0,1051.92333984375,-8224.0,1992251494,2,9198720716974634606,4.0,8.0,966469536,1,
2,-11680.0,1056.140625,-7824.0,-1154166110,2,13272997438499765417,4.0,8.0,966469536,1,
2,-11904.0,1043.718017578125,-8240.0,2009310213,2,4312204961809285973,4.0,8.0,2478618166,1,
2,-11808.0,1043.632080078125,-8224.0,-1534515633,2,6358462156805535869,4.0,8.0,966469536,1,
2,-11504.0,1027.7412109375,-8736.0,-1207045201,2,3754810612930181322,4.0,8.0,2478618166,1,
2,-12064.0,1028.7607421875,-8576.0,-1796413875,2,18076235293350059621,4.0,8.0,2478618166,1,
2,-11504.0,1027.7412109375,-8736.0,1231458489,2,6264017257057509216,4.0,8.0,966469536,1,
2,-11504.0,1028.503173828125,-8864.0,542038563,2,14212617067529110786,4.0,8.0,966469536,1,
2,-11344.0,1026.774169921875,-9088.0,-402406761,2,5447280229075666993,3.0,6.0,810381594,1,
2,-11152.0,1026.637451171875,-9456.0,-431402022,2,17232229687223610965,4.0,8.0,966469536,1,
2,-11184.0,1026.377197265625,-9680.0,2132905955,2,7404329502908158623,4.0,8.0,2478618166,1,
2,-11184.0,1026.377197265625,-9680.0,468137254,2,7196110992365334036,4.0,8.0,966469536,1,
2,-11360.0,1026.347412109375,-9712.0,1933575219,2,15105122115017339981,4.0,8.0,2478618166,1,
2,-10864.0,1025.923095703125,-9904.0,862739580,2,706933131113209810,4.0,8.0,2478618166,1,
2,-10656.0,927.481689453125,-9936.0,1436081535,2,6684360623371787359,4.0,8.0,2478618166,1,
2,-10672.0,1026.312744140625,-9760.0,1534842150,2,16214772657341238466,4.0,8.0,966469536,1,
2,-10528.0,1026.287353515625,-9760.0,1032326835,2,13093229808648202490,4.0,8.0,2478618166,1,
2,-10464.0,1026.346923828125,-9648.0,-1609260227,2,17533225821142671835,4.0,8.0,966469536,1,
2,-10208.0,1025.7119140625,-9648.0,-985419656,2,10941927451559797894,4.0,8.0,2478618166,1,
2,-10400.0,1026.437255859375,-9520.0,901999772,2,3978300312273240554,4.0,8.0,2478618166,1,
2,-10256.0,1026.4443359375,-9440.0,408581456,2,4613064006743296073,4.0,8.0,2478618166,1,
2,-10064.0,1025.803466796875,-9568.0,2008897730,2,7741478765293621773,4.0,8.0,2478618166,1,
2,-10096.0,1026.916748046875,-9312.0,1246152648,2,16512925477838712242,4.0,8.0,966469536,1,
2,-5216.0,1169.600341796875,-9584.0,1856289697,1,8893672399768117564,3.0,6.0,1670486158,1,
2,-5952.0,1176.657470703125,-9888.0,1891639013,2,5758006315002224723,4.0,8.0,2478618166,1,
2,-6048.0,1176.51953125,-9936.0,2032149734,2,5196996478440416108,4.0,8.0,966469536,1,
2,-5856.0,1176.27734375,-9952.0,-234117532,2,15123117489409644977,0.0,3.0,1670486158,0,
2,-5616.0,1186.716552734375,-8192.0,-509230175,1,2282732082014257214,6.0,9.0,810381594,2,
2,-5936.0,1170.156005859375,-8368.0,-1318337634,2,16731161550419632474,4.0,8.0,966469536,1,
2,-5936.0,1170.156005859375,-8368.0,319405872,2,2591512750721916908,4.0,8.0,2478618166,1,
2,-5776.0,1170.015380859375,-8320.0,1426654249,2,5872693844091167006,4.0,8.0,966469536,1,
2,-5776.0,1170.015380859375,-8320.0,1574906883,2,16693848883066124632,3.0,6.0,810381594,1,
2,-5136.0,1193.488037109375,-8096.0,-164656069,3,10469641802367627438,0.0,4.0,4205700664,0,
2,-4304.0,1246.9521484375,-7280.0,1076930117,2,8391166033240294494,3.0,6.0,810381594,1,
2,-4336.0,1246.850830078125,-7408.0,966531325,2,17807391896865883209,4.0,8.0,2478618166,1,
2,-4304.0,1246.9521484375,-7280.0,-1198206794,2,17086514177381675499,4.0,8.0,966469536,1,
2,-5760.0,1381.032958984375,-6576.0,-3614715,2,10167600074654325107,4.0,8.0,966469536,1,
2,-9648.0,1026.37890625,-11936.0,-1896399750,2,6893505037384740337,4.0,8.0,2478618166,1,
2,-7296.0,1025.731689453125,-11456.0,-534471483,2,4580201239597974277,4.0,8.0,2478618166,1,
2,-7280.0,1026.597900390625,-11136.0,1027509348,2,18165319981163697583,3.0,6.0,810381594,1,
2,-6976.0,1029.05810546875,-11168.0,1558882421,1,14273131132007695017,4.0,8.0,4205700664,1,
2,-6960.0,1026.50390625,-11504.0,-1668296573,2,16852973102861935968,4.0,8.0,2478618166,1,
2,-6720.0,1026.75830078125,-11296.0,-147298894,2,11912700854762343608,4.0,8.0,966469536,1,
2,-6560.0,1026.564208984375,-11344.0,-843040860,2,18195139262407000438,4.0,8.0,966469536,1,
2,-6560.0,945.34521484375,-11584.0,757637130,2,8702405762731365068,4.0,8.0,2478618166,1,
2,-5680.0,1160.6806640625,-9312.0,1958090775,2,3388656375840912695,4.0,8.0,2478618166,1,
2,-8640.0,1029.975341796875,-8176.0,2106125880,2,12560057204627718033,12.0,16.0,4205700664,3,
2,-8368.0,1038.117919921875,-7200.0,-1905461203,2,13746976363247416629,12.0,16.0,4205700664,3,
2,-9504.0,1190.398681640625,-5168.0,-1322137142,3,12099835689217385796,9.0,12.0,810381594,3,
2,-4816.0,1160.681640625,-9568.0,-2007229278,2,12158707703222206272,12.0,16.0,4205700664,3,
2,-4640.0,1172.193359375,-9200.0,754427199,1,7577244799429700721,8.0,12.0,2478618166,2,
2,-8608.0,1031.90771484375,-8048.0,-67667859,2,17120885496018345811,17.0,20.0,3427004445,5,
2,-9072.0,1192.667724609375,-4976.0,1214006808,3,3406279210922305584,11.0,14.0,1383761304,3,
2,-5376.0,1412.530517578125,-5808.0,-585214041,1,2410091306556168676,12.0,16.0,2311733206,3,
2,-8864.0,1177.992431640625,-6016.0,569128138,2,17125880044817917995,8.0,12.0,2311733206,2,
2,-5472.0,1170.29248046875,-9632.0,-1442125969,3,16266332230452606019,12.0,16.0,2478618166,3,
2,-6176.0,1187.7724609375,-10016.0,-224496075,1,15645700584067240980,8.0,12.0,2478618166,2,
2,-4624.0,1254.117431640625,-7712.0,-1427878682,3,1146116031408159218,14.0,17.0,3427004445,4,
0,-4496.0,1068.26953125,13088.0,-147059211,3,705568566685675326,10.0,14.0,2517363987,3,
0,-4848.0,1050.505126953125,13200.0,-544943675,3,8843352804461579827,11.0,14.0,2733053912,3,
0,-4624.0,1067.994873046875,11424.0,-915654838,3,10905831988338211665,10.0,13.0,4035089318,3,
0,-4480.0,1077.5947265625,10784.0,-1381016557,3,6070863348663764339,10.0,13.0,653959062,3,
0,-4576.0,1030.4091796875,9632.0,-739965789,3,7139394513383079230,7.0,10.0,4035089318,2,
10,9240.0,1065.973388671875,11628.0,1669640188,3,7544143249108226590,11.0,14.0,1242189471,3,
10,9784.0,1052.985595703125,11484.0,24893267,1,2064465792396800228,4.0,8.0,1242189471,1,
10,9912.0,1060.73095703125,11132.0,1195293661,1,2242230473401237894,6.0,10.0,2190292960,2,
10,10408.0,1028.15380859375,11196.0,-1444827669,1,11741515505377102706,8.0,11.0,1242189471,2,
10,10408.0,1041.800537109375,11020.0,562975784,3,15005511005967264636,3.0,6.0,2190292960,1,
10,11256.0,1068.1025390625,9788.0,-305377561,1,6473220898402674085,6.0,10.0,2190292960,2,
10,11784.0,1021.564453125,8716.0,-470525465,1,5879733314772010972,9.0,11.0,3308951053,3,
10,11912.0,1025.34814453125,8700.0,-1502033850,2,7623268056787274455,10.0,13.0,2190292960,3,
10,10536.0,1122.141845703125,8892.0,-1535852797,2,13072509361724099056,10.0,13.0,2190292960,3,
10,9256.0,1055.816650390625,9484.0,-1619543377,1,13702059759837998947,9.0,12.0,2155972500,3,
10,8200.0,1024.909423828125,9148.0,1780713099,2,324679222167762067,15.0,18.0,2155972500,5,
10,9720.0,1036.549560546875,9196.0,-1427305143,1,14718512290391498167,14.0,17.0,3516819936,4,
10,9448.0,1024.172607421875,9100.0,398817534,1,16600330283579618760,13.0,15.0,3308951053,5,
10,6888.0,1076.088623046875,9420.0,1447868109,3,2379186882876409582,12.0,15.0,2155972500,4,
10,5608.0,1025.647705078125,9836.0,1838213989,3,6533343044931365280,15.0,17.0,3308951053,6,
10,5640.0,1025.610595703125,9932.0,-1287084150,2,5513142554888060605,10.0,13.0,3854463892,3,
10,5080.0,1045.694091796875,9084.0,-1400931299,1,7814856065431044966,6.0,10.0,3854463892,2,
10,9832.0,1049.7734375,11836.0,-1108812795,1,12022403913485669035,6.0,10.0,2190292960,2,
10,9896.0,1023.11767578125,9836.0,-1575520723,2,18146181659190897704,10.0,13.0,2190292960,3,
10,9976.0,1027.231689453125,10076.0,365206357,2,17603068815712568521,10.0,13.0,2190292960,3,
10,9896.0,1023.11767578125,9836.0,-1637652435,2,16578817757936985393,3.0,6.0,3516819936,1,
10,6136.0,1097.239990234375,9404.0,1077134622,2,4194285771526264466,6.0,10.0,653959062,2,
10,5336.0,1024.064453125,8412.0,-465492543,2,7969307530614148858,6.0,10.0,653959062,2,
10,5320.0,1028.7900390625,8524.0,-2036263946,3,13612509065738674822,7.0,9.0,3308951053,2,
10,5192.0,1025.47998046875,8636.0,-2136032766,3,9045499667575212629,7.0,9.0,3308951053,2,
10,4984.0,1026.14990234375,8556.0,-1269755221,3,3689914613943984933,7.0,9.0,3308951053,2,
10,4856.0,1053.065673828125,7372.0,-2015094435,3,8521216516298447719,3.0,6.0,3854463892,1,
10,8984.0,1070.234375,10620.0,-1980908139,2,6800949697648715640,6.0,10.0,653959062,2,
10,9096.0,1072.4716796875,10444.0,-470164217,2,7002779387988088006,6.0,10.0,653959062,2,
10,9512.0,1025.88330078125,9228.0,621839890,2,9402075432847509810,6.0,10.0,653959062,2,
10,9720.0,1036.549560546875,9196.0,-155288001,1,309138078654976339,6.0,10.0,2190292960,2,
10,9720.0,1036.549560546875,9196.0,-1427305143,1,416780627868540134,6.0,10.0,3516819936,2,
10,8424.0,1024.3642578125,9148.0,-1173570525,2,2387843934430738413,6.0,10.0,653959062,2,
10,8200.0,1024.913330078125,9148.0,-316788633,2,2472394840398262750,6.0,10.0,653959062,2,
10,6296.0,1097.12158203125,9340.0,580403634,2,14710852590015604016,6.0,10.0,653959062,2,
10,6264.0,1096.9990234375,9148.0,-1221324237,2,4776893581748368829,6.0,10.0,653959062,2,
10,6120.0,1099.833984375,9132.0,-95903920,2,11200816360959435301,6.0,10.0,653959062,2,
10,5240.0,1030.3310546875,7356.0,-1635245390,2,6881691853360178585,6.0,10.0,653959062,2,
10,5464.0,1027.7080078125,7628.0,314132527,2,4080614971789694645,6.0,10.0,653959062,2,
10,5576.0,1217.970458984375,6204.0,-106907428,2,9120493680559387420,6.0,10.0,653959062,2,
10,5720.0,1220.380615234375,6268.0,1664977815,2,14965277310097811640,6.0,10.0,653959062,2,
10,5944.0,1219.619873046875,6124.0,930347847,2,5780472539002710725,6.0,10.0,653959062,2,
10,5880.0,1221.537353515625,5996.0,1270552466,2,1776551594742361129,6.0,10.0,653959062,2,
10,5880.0,1221.143310546875,5868.0,-1416121314,2,14563861735174679442,6.0,10.0,653959062,2,
10,9304.0,1072.417724609375,8396.0,-338162407,1,18200099450438518284,6.0,9.0,2155972500,2,
10,9496.0,1217.300537109375,7852.0,-643880196,2,1340622793055479254,6.0,10.0,653959062,2,
10,9368.0,1214.8876953125,7804.0,881943062,2,80618241644534338,6.0,10.0,653959062,2,
10,9368.0,1207.867431640625,7596.0,1353542652,1,865526075194360687,9.0,11.0,3308951053,3,
10,9640.0,1218.9130859375,7484.0,-302700394,2,10305792578318074694,6.0,10.0,653959062,2,
10,9528.0,1219.889892578125,7356.0,-606173611,2,1090541754569296727,6.0,10.0,653959062,2,
10,9320.0,1215.76611328125,7420.0,-1776520185,2,7092146279389236537,6.0,10.0,653959062,2,
10,9528.0,1301.45458984375,6940.0,277039155,2,10181909498825499326,6.0,10.0,653959062,2,
10,9704.0,1300.370849609375,6716.0,1968643382,2,17730376975190034345,6.0,10.0,653959062,2,
10,9592.0,1304.726806640625,6556.0,-96418297,2,1167025284552375722,6.0,10.0,653959062,2,
10,10648.0,1128.489501953125,8668.0,577886632,2,13516727791401438069,6.0,10.0,653959062,2,
10,10472.0,1120.753662109375,8636.0,-1865517951,2,13408389604229018945,6.0,10.0,653959062,2,
10,10472.0,1122.521484375,8748.0,-2010805993,2,9691360326632510263,6.0,10.0,653959062,2,
10,10760.0,1121.51318359375,8716.0,-125477284,2,13653095854641661711,6.0,10.0,653959062,2,
10,10920.0,1105.595458984375,8316.0,-11191419,2,3094615053887796259,6.0,10.0,653959062,2,
10,10936.0,1106.409912109375,8204.0,2070117313,2,16488965141530678021,6.0,10.0,653959062,2,
10,10872.0,1108.2392578125,8060.0,177284357,2,12250351296785802622,6.0,10.0,653959062,2,
10,10744.0,1103.5048828125,8092.0,-1589043587,2,2113431837544634969,6.0,10.0,653959062,2,
10,9656.0,1301.845458984375,6988.0,1496815266,2,597005928501540172,6.0,10.0,653959062,2,
10,9112.0,1071.17724609375,10732.0,1647013146,2,7832867369942842933,3.0,6.0,3516819936,1,
10,9768.0,1024.946533203125,9692.0,-970746192,2,4795671598929649575,6.0,10.0,653959062,2,
10,9544.0,1024.708984375,9068.0,2080274694,2,17217962940493395341,6.0,10.0,653959062,2,
10,9624.0,1025.59326171875,9228.0,1746815107,2,17453988720978558850,3.0,6.0,3516819936,1,
10,9592.0,1201.608154296875,7740.0,-600204305,1,4786773913083470858,9.0,11.0,3308951053,3,
10,9608.0,1198.3876953125,7580.0,-151132577,1,12667500076844403849,9.0,11.0,3308951053,3,
10,10616.0,1134.699951171875,8572.0,1144887277,1,6421442694386891511,6.0,9.0,2155972500,2,
10,10408.0,1124.65087890625,8684.0,1543722479,3,9963945628761061139,7.0,9.0,3308951053,2,
10,8216.0,1032.189208984375,9052.0,-1341432524,1,9269393187874641055,9.0,12.0,2155972500,3,
10,10520.0,1110.62255859375,8700.0,413544845,1,13900140208210325401,9.0,11.0,3308951053,3,
10,10680.0,1114.365478515625,8732.0,2060046115,1,9294637243952684569,9.0,11.0,3308951053,3,
10,9656.0,1038.614501953125,8908.0,-887569903,1,15910575267739078695,6.0,9.0,2155972500,2,
10,5288.0,1017.55419921875,8412.0,1135840665,1,11830651095005224600,9.0,11.0,3308951053,3,
10,5224.0,1024.41455078125,8556.0,1524288248,2,14577417788719210370,10.0,13.0,3854463892,3,
10,5208.0,1023.37158203125,8540.0,814733295,1,9627201189117341075,9.0,11.0,3308951053,3,
10,5912.0,1223.128173828125,5948.0,234380166,3,15518765038975917453,7.0,9.0,3308951053,2,
10,10680.0,1123.486083984375,8988.0,1843070672,2,12874087805994629599,6.0,10.0,653959062,2,
6,-6680.0,1108.1494140625,-10672.0,1068466509,1,4081336608802118716,4.0,8.0,4205700664,1,
6,-6680.0,1108.1494140625,-10672.0,244100732,1,13321896678870161929,4.0,8.0,1423789175,1,
6,-7448.0,1081.5537109375,-10432.0,-1259313263,1,3967344641850083287,4.0,8.0,4205700664,1,
6,-10312.0,1154.42626953125,-8640.0,1917417701,2,5678599646920377609,12.0,16.0,4205700664,3,
6,-10488.0,1156.2900390625,-8640.0,-111257202,2,5528695478974280497,8.0,12.0,18883433,2,
6,-5576.0,1024.817138671875,-10384.0,1921115701,2,1357685388623984499,12.0,16.0,4205700664,3,
6,-11848.0,1154.72509765625,-9392.0,-419579350,2,6186934874200107402,8.0,12.0,18883433,2,
6,-12440.0,1245.3466796875,-8832.0,872819457,3,3777639887498711716,8.0,12.0,4205700664,2,
6,-9800.0,1188.599609375,-8336.0,1740218807,1,3167052268347326647,4.0,8.0,4205700664,1,
6,-12072.0,1142.614990234375,-10208.0,1032583784,2,1157707179241652674,12.0,16.0,4205700664,3,
6,-12056.0,1160.893310546875,-10048.0,-1584653061,2,540147921689182399,12.0,16.0,4205700664,3,
6,-12072.0,1142.614990234375,-10208.0,969907013,2,8897445434843624331,8.0,12.0,18883433,2,
6,-7448.0,1081.5537109375,-10432.0,-665461051,1,7931227347855066415,8.0,12.0,3930053258,2,
6,-11336.0,1155.072021484375,-9744.0,1674587052,2,12901446597485555403,12.0,16.0,4205700664,3,
6,-11400.0,1151.44189453125,-10048.0,1007380971,2,15762756119697391210,12.0,16.0,4205700664,3,
6,-11528.0,1155.203857421875,-10096.0,1315647303,2,9823519797015863824,12.0,16.0,4205700664,3,
6,-11800.0,1153.4892578125,-10416.0,983382543,2,747420745794095982,12.0,16.0,4205700664,3,
6,-11720.0,1174.6826171875,-10544.0,-1941713516,3,8742952597387521832,12.0,16.0,1423789175,3,
6,-11832.0,1170.82421875,-10544.0,-1899651138,3,7809343297410382289,12.0,16.0,18883433,3,
6,-11944.0,1152.451904296875,-10208.0,-1176628866,2,18210792371600302791,12.0,16.0,4205700664,3,
6,-12056.0,1160.893310546875,-10048.0,542252737,2,15578772318659505032,8.0,12.0,18883433,2,
6,-12104.0,1154.8916015625,-9456.0,1273467102,2,17814428285938393154,12.0,16.0,4205700664,3,
6,-9688.0,1029.198974609375,-9952.0,-1644124138,3,3184743426980930532,8.0,12.0,4205700664,2,
6,-10136.0,1167.1318359375,-7888.0,-889901067,2,17250705987742539448,8.0,12.0,18883433,2,
6,-10408.0,1128.1650390625,-7568.0,-713998453,2,8213640632324541923,8.0,12.0,18883433,2,
6,-10600.0,1128.732666015625,-7104.0,-18725898,2,10091035244513154553,8.0,12.0,18883433,2,
6,-11320.0,1171.732177734375,-10192.0,1496292217,3,13729817423632945596,8.0,12.0,4205700664,2,
6,-11192.0,1168.97998046875,-10128.0,-131080393,3,12005354083105338647,8.0,12.0,4205700664,2,
6,-10936.0,1164.2626953125,-10432.0,1823513054,3,9356980400718218813,8.0,12.0,1423789175,2,
6,-11688.0,1155.61865234375,-9472.0,550528366,2,8580015161477803419,12.0,16.0,4205700664,3,
6,-10760.0,1129.09423828125,-7552.0,-330057109,2,6188560197536510438,8.0,12.0,18883433,2,
6,-10600.0,1128.732421875,-7104.0,-831486928,2,10138607590750466958,12.0,16.0,4205700664,3,
6,-10312.0,1128.67724609375,-7216.0,419331288,2,13359104120683439566,12.0,16.0,4205700664,3,
6,-10296.0,1124.818115234375,-7440.0,365914268,2,8106529523031008301,12.0,16.0,4205700664,3,
6,-10776.0,1144.075927734375,-8048.0,-670944592,3,17518716498261634767,12.0,16.0,18883433,3,
6,-10776.0,1144.075927734375,-8048.0,-981475337,3,6646416870980625045,13.0,17.0,4035089318,4,
6,-11144.0,1142.80908203125,-8352.0,-1227374130,2,5229923542494654531,12.0,16.0,4205700664,3,
6,-11272.0,1154.229248046875,-8480.0,1734360657,2,12500440220621547710,12.0,16.0,4205700664,3,
6,-11800.0,1143.993408203125,-8688.0,641191098,2,4309064342932630248,12.0,16.0,4205700664,3,
6,-11672.0,1148.70849609375,-8272.0,833995652,2,12871462563575238470,12.0,16.0,4205700664,3,
6,-11592.0,1144.497802734375,-8128.0,830208247,2,18213074678689373097,12.0,16.0,4205700664,3,
12,6569.0,1025.717529296875,11980.0,1918135948,1,5559814897865344794,6.0,10.0,2778944235,2,
12,7017.0,1024.81005859375,11308.0,-1930204361,3,3873217415765992459,12.0,16.0,3550437282,3,
12,6745.0,1025.888671875,11692.0,-1925739219,3,13461427905084647423,4.0,8.0,3550437282,1,
12,6921.0,1025.88232421875,11772.0,-408595313,3,6468180281784092868,8.0,12.0,3550437282,2,
12,6985.0,1025.97509765625,11804.0,-1097791922,1,8932054353387627508,10.0,13.0,2396550170,3,
12,6777.0,1025.645751953125,11900.0,1824967702,3,1950853577719658338,4.0,8.0,3550437282,1,
12,6617.0,1025.23046875,12204.0,1335875332,3,6015514622082302494,8.0,12.0,3550437282,2,
12,6185.0,1025.542236328125,11484.0,1080381554,2,6597302335905622658,8.0,11.0,1124598738,2,
12,6041.0,1025.9521484375,11276.0,2106386657,2,2165961913769475749,8.0,11.0,1124598738,2,
11,-8002.0,1365.07958984375,8892.0,-588318883,2,13099613957786254320,8.0,11.0,1124598738,2,
11,-7202.0,1364.478515625,8876.0,-1047980546,2,17593599583310194949,8.0,11.0,1124598738,2,
11,-8338.0,1363.43359375,8252.0,1046327420,1,3027360521780117981,7.0,11.0,1958373742,2,
11,-8802.0,1314.658935546875,8156.0,1084568132,1,12626505319334708366,4.0,7.0,980043984,1,
11,-8898.0,1318.109375,7692.0,1745364221,1,3225640811606086548,6.0,9.0,657009845,2,
11,-9330.0,1256.345703125,8588.0,1311703287,1,7644434205539405860,6.0,9.0,657009845,2,
11,-9890.0,1189.821533203125,8812.0,-1137976415,1,5376253440883209895,4.0,8.0,2733053912,1,
11,-8866.0,1237.6025390625,9356.0,1629447879,1,679658810867850664,7.0,11.0,1958373742,2,
11,-8066.0,1192.36767578125,10380.0,1661867229,2,2820343815189795975,8.0,11.0,1124598738,2,
11,-6978.0,1363.451416015625,9084.0,-118866235,2,7302199513907206562,8.0,11.0,1124598738,2,
8,-10136.0,1104.642822265625,5184.0,-278672636,2,7422435222900148047,14.0,17.0,2517363987,4,
8,-10184.0,1100.5732421875,5040.0,660312281,2,5911838946276851888,14.0,17.0,2517363987,4,
8,-10168.0,1101.59521484375,6144.0,-639790952,3,18236877648207791729,6.0,10.0,1670486158,2,
8,-9912.0,1127.81884765625,6288.0,-970271111,3,630477313655098879,7.0,11.0,1614279117,2,
13,-8834.0,1132.429931640625,6483.0,1098940110,2,1442312291137735617,8.0,12.0,1124598738,2,
13,-8866.0,1025.18408203125,9155.0,233613256,2,4288169032281170350,8.0,12.0,1124598738,2,
13,-8530.0,1030.756103515625,9907.0,-1044776183,3,6821289974772245090,7.0,9.0,137341076,2,
13,-8050.0,1038.36279296875,9843.0,-347590213,1,10581585897243869500,4.0,7.0,1275024827,1,
13,-8258.0,1035.553466796875,9891.0,1569058881,1,1941981817149313850,4.0,8.0,198354833,1,
13,-8866.0,1032.14306640625,9939.0,-2062229972,3,8792386803330110529,7.0,9.0,3669664375,2,
13,-8866.0,1041.423828125,8627.0,-1276234409,1,15759450321876128134,8.0,11.0,1383761304,2,
14,11065.0,1025.235595703125,6323.0,-215159934,2,8883083137443806601,12.0,16.0,4205700664,3,
14,11065.0,1025.235595703125,6323.0,-692713850,2,16034650200327209663,8.0,12.0,1124598738,2,
14,11465.0,1026.3037109375,5955.0,607661899,1,3263193349785158618,14.0,17.0,4026799646,4,
14,11401.0,1025.283935546875,6019.0,659961727,2,1268574280716762412,12.0,16.0,4205700664,3,
14,10409.0,1025.37841796875,7187.0,1743566097,2,2603283271617592877,12.0,16.0,4205700664,3,
14,10089.0,1024.842529296875,7267.0,269558500,2,11243053125717677752,12.0,16.0,4205700664,3,
14,9513.0,1025.814697265625,7379.0,1914819500,2,17519791242889683009,12.0,16.0,4205700664,3,
14,8777.0,1024.888671875,7043.0,11447096,2,14630558228052355485,12.0,16.0,4205700664,3,
14,8393.0,1025.70068359375,7139.0,-1996571678,2,5370074709634584023,12.0,16.0,4205700664,3,
14,10921.0,1050.446533203125,6803.0,1088498685,1,3632759864785780964,13.0,16.0,1286837284,4,
14,10729.0,1027.215576171875,6915.0,-675550200,2,16331271308924220637,12.0,16.0,4205700664,3,
14,10857.0,1025.930908203125,7347.0,1987473068,2,8671439688672992561,12.0,16.0,4205700664,3,
14,10985.0,1030.329345703125,8051.0,-974540759,2,6362162303638558851,12.0,16.0,4205700664,3,
14,10905.0,1025.0,6483.0,-215126907,2,12029208639321091103,12.0,16.0,4205700664,3,
14,11001.0,1028.0830078125,6499.0,-407634845,2,12867656942422310303,12.0,16.0,4205700664,3,
14,10761.0,1025.8779296875,6755.0,-1640791060,2,4238909795546844758,12.0,16.0,4205700664,3,
14,10681.0,1026.679931640625,7091.0,1548294840,2,727875629134506115,12.0,16.0,4205700664,3,
14,10889.0,1026.506591796875,8403.0,1788945309,2,14112741944583992082,12.0,16.0,4205700664,3,
14,10617.0,1031.164306640625,8771.0,1224635605,2,7556828335861788602,12.0,16.0,4205700664,3,
14,10681.0,1025.96630859375,8691.0,-1577646506,2,4344164688836808859,12.0,16.0,4205700664,3,
14,10249.0,1025.557373046875,9395.0,348490996,2,12891880197974040063,12.0,16.0,4205700664,3,
14,9913.0,1067.44775390625,9091.0,-389473940,3,11680290126211759258,10.0,14.0,2522926452,3,
14,9657.0,1065.614990234375,9011.0,-422222442,2,1005950434179922593,12.0,16.0,4205700664,3,
14,9737.0,1054.952392578125,8979.0,126953717,1,16650836591797508959,13.0,15.0,3295689537,5,
14,9641.0,1058.442138671875,9251.0,257332283,2,4821968270988393887,12.0,16.0,4205700664,3,
4,-8152.0,1145.944580078125,7888.0,-1997948176,1,14933261721212963744,6.0,9.0,3773094057,2,
4,-8152.0,1232.252685546875,7408.0,800963600,1,10084289096964456817,9.0,12.0,3773094057,3,
4,-6840.0,1091.540283203125,9168.0,-106739946,3,15656997200293204106,11.0,13.0,2665772294,4,
4,-6872.0,1089.272705078125,9088.0,-1226629785,2,3603912720048197535,12.0,15.0,3334704880,4,
4,-6776.0,1091.31298828125,9168.0,2107261312,1,9929231386064725347,9.0,12.0,3334704880,3,
4,-6424.0,1075.935791015625,9168.0,1092638192,1,12318651231802248168,6.0,9.0,1458078561,2,
16,-11312.0,1318.901611328125,-5136.0,1344708231,3,6024820579956109241,7.0,10.0,4035089318,2,
16,-11248.0,1318.833740234375,-5520.0,2099017207,3,13279717956133963527,12.0,15.0,2568314351,4,
16,-4464.0,1024.80224609375,-9520.0,-604737629,3,8400301381768858187,12.0,16.0,2731264150,3,
16,-4624.0,1025.52734375,-10128.0,-1888430044,3,57544388092939945,16.0,20.0,2731264150,4,
16,-4832.0,1024.9208984375,-11616.0,-232538306,2,16475664831383237268,17.0,20.0,2119612362,5,
16,-4528.0,1024.50732421875,-9232.0,-2035561726,2,3278661401908343986,17.0,20.0,2119612362,5,
16,-4816.0,1024.836181640625,-10896.0,-1502239230,3,6841849274001458296,8.0,12.0,2731264150,2,
16,-4976.0,1028.685302734375,-11680.0,1141345882,3,8454057489239785365,12.0,16.0,2731264150,3,
16,-5024.0,1027.044921875,-11984.0,-1253698562,3,3971289857434442264,12.0,16.0,2731264150,3,
16,-5200.0,1027.490478515625,-12000.0,-2030113788,3,9373477686773523151,12.0,16.0,2731264150,3,
16,-4896.0,1027.840576171875,-11952.0,-338613221,3,1044788308181169118,12.0,16.0,2731264150,3,
16,-4976.0,1028.685302734375,-11680.0,1141345882,3,5365005930664542474,8.0,12.0,2731264150,2,
16,-5152.0,1025.56005859375,-11728.0,1586476153,3,12777647305711793100,8.0,12.0,2731264150,2,
16,-5344.0,1025.01904296875,-12064.0,-522459273,3,9156332241981093600,12.0,16.0,2731264150,3,
16,-5792.0,1028.7080078125,-11696.0,-868205048,3,1790606664423148521,12.0,16.0,2731264150,3,
16,-6016.0,1031.065673828125,-11664.0,-1538093869,3,5076263338049564397,12.0,16.0,2731264150,3,
16,-4816.0,1024.836181640625,-10896.0,-1502239230,3,4162195302505828794,16.0,20.0,2731264150,4,
16,-4656.0,1025.753662109375,-10400.0,1466581886,3,9691777660882095225,16.0,20.0,2731264150,4,
16,-4496.0,1025.0078125,-9936.0,-1382011902,3,13776670437103208515,8.0,12.0,2731264150,2,
16,-4400.0,1025.76611328125,-9664.0,1787946227,3,10447637724081940008,12.0,16.0,2731264150,3,
16,-4560.0,1024.88671875,-9344.0,980148161,3,4826640000694154356,12.0,16.0,2731264150,3,
16,-4816.0,1024.836181640625,-10896.0,-1502239230,3,6981783651018688155,12.0,16.0,2731264150,3,
16,-4416.0,1025.28125,-9808.0,-1891350422,3,8920993284534869057,12.0,16.0,2731264150,3,
16,-4656.0,1025.753662109375,-10400.0,1466581886,3,9753658494336767184,12.0,16.0,2731264150,3,
16,-5504.0,1025.57470703125,-11936.0,810398280,3,14488751183928364267,12.0,16.0,2731264150,3,
16,-4416.0,1025.28125,-9808.0,-1891350422,3,15972043313837413299,8.0,12.0,2731264150,2,
16,-4672.0,1025.261962890625,-11344.0,1551430500,3,8146563617655134958,8.0,12.0,2731264150,2,
16,-4976.0,1028.685302734375,-11680.0,1141345882,3,1810465641595459152,16.0,20.0,2731264150,4,
16,-5024.0,1027.044921875,-11984.0,-1253698562,3,18256511300827294990,16.0,20.0,2731264150,4,
16,-4896.0,1027.840576171875,-11952.0,-338613221,3,12471170761357038816,16.0,20.0,2731264150,4,
16,-5344.0,1025.01904296875,-12064.0,-522459273,3,3452280684724666186,16.0,20.0,2731264150,4,
16,-6320.0,1026.537353515625,-11840.0,1674529247,3,10126669266864538428,16.0,20.0,2731264150,4,
16,-6432.0,1024.82763671875,-11824.0,-518585545,2,11129246415393427367,17.0,20.0,3984384866,5,
16,-4400.0,1025.76611328125,-9664.0,1787946227,3,6541426706247009833,16.0,20.0,2731264150,4,
16,-4944.0,1025.39599609375,-7872.0,1591744180,3,11849338723099521288,8.0,12.0,2731264150,2,
16,-5024.0,1025.09814453125,-7616.0,551657152,3,17337140341126367775,8.0,12.0,2731264150,2,
16,-5152.0,1024.820556640625,-7616.0,1219485725,3,9195234377811056550,8.0,12.0,2731264150,2,
16,-5408.0,1024.84716796875,-7696.0,-1459295057,3,12748638855873478297,8.0,12.0,2731264150,2,
16,-5792.0,1026.09716796875,-7840.0,-1340831559,3,14962778962411347688,8.0,12.0,2731264150,2,
16,-6032.0,1025.118896484375,-7840.0,-1288678675,3,10385283673147800317,8.0,12.0,2731264150,2,
16,-5344.0,1025.18798828125,-7456.0,-190029788,3,15093210757646367761,8.0,12.0,2731264150,2,
16,-5472.0,1025.072509765625,-7248.0,-507005235,3,3789915531148929293,8.0,12.0,2731264150,2,
16,-5744.0,1026.51904296875,-7456.0,-1898186904,3,14352341743641350785,8.0,12.0,2731264150,2,
16,-4880.0,1025.223388671875,-6784.0,748346484,3,5742673160456229015,8.0,12.0,2731264150,2,
16,-4736.0,1026.24755859375,-6368.0,-604365111,3,17686187557518010690,8.0,12.0,2731264150,2,
16,-4464.0,1024.80224609375,-9520.0,-604737629,3,16123696421242450810,8.0,12.0,2731264150,2,
16,-5296.0,1025.31640625,-11776.0,-1995431880,3,15110457719477935006,8.0,12.0,2731264150,2,
16,-5200.0,1027.490478515625,-12000.0,-2030113788,3,16546789113444522212,8.0,12.0,2731264150,2,
16,-5568.0,1024.777099609375,-11728.0,-1180763179,3,5714086729096970662,8.0,12.0,2731264150,2,
16,-5696.0,1025.45166015625,-11792.0,-1975437730,3,13165487391003953970,8.0,12.0,2731264150,2,
16,-6016.0,1031.065673828125,-11664.0,-1538093869,3,15305776070860887246,8.0,12.0,2731264150,2,
16,-6576.0,1027.623291015625,-11792.0,313451760,2,17946375766026953282,13.0,17.0,1188738270,4,
16,-6960.0,1027.9013671875,-11776.0,1826674576,3,6559362103439419503,12.0,16.0,2731264150,3,
16,-7008.0,1030.417236328125,-11568.0,-1247281778,3,13610706030278967251,12.0,16.0,2731264150,3,
16,-4928.0,1025.12646484375,-8032.0,1712687423,3,346249062341354448,12.0,16.0,2731264150,3,
16,-5072.0,1024.852783203125,-7776.0,-272337786,3,14107868373367365679,12.0,16.0,2731264150,3,
16,-5056.0,1025.129638671875,-7968.0,14008273,3,7327594679445109090,8.0,12.0,2731264150,2,
16,-5008.0,1025.161376953125,-7456.0,-1549155068,3,7275598885164063676,12.0,16.0,2731264150,3,
16,-5744.0,1026.51904296875,-7456.0,-1898186904,3,4612524207068147962,12.0,16.0,2731264150,3,
16,-5920.0,1021.20751953125,-7728.0,173611112,1,15924984191164867717,13.0,15.0,2024290900,5,
16,-6032.0,1025.118896484375,-7840.0,-1288678675,3,4099205267116764154,12.0,16.0,2731264150,3,
16,-4944.0,1025.39599609375,-7872.0,1591744180,3,10328162899514265478,12.0,16.0,2731264150,3,
16,-5152.0,1024.820556640625,-7616.0,1219485725,3,10396812416598199396,12.0,16.0,2731264150,3,
16,-5120.0,1025.0498046875,-7424.0,2095294012,3,5580696895846742177,12.0,16.0,2731264150,3,
16,-4816.0,1026.06005859375,-7296.0,1929195170,3,17656120550705959868,12.0,16.0,2731264150,3,
16,-5024.0,1025.1416015625,-6752.0,-2041421684,2,13465016436157879790,13.0,17.0,1188738270,4,
16,-4896.0,1025.034912109375,-6624.0,1458179065,3,6947594362756542571,16.0,20.0,2731264150,4,
16,-4736.0,1026.24755859375,-6368.0,-604365111,3,16205327850906006381,16.0,20.0,2731264150,4,
16,-4624.0,1025.14404296875,-6192.0,-2039332754,3,6673899615026066909,16.0,20.0,2731264150,4,
16,-4560.0,1024.88671875,-9344.0,980148161,3,8750649703283760711,8.0,12.0,2731264150,2,
16,-4400.0,1025.76611328125,-9664.0,1787946227,3,14532979798480398656,8.0,12.0,2731264150,2,
16,-4736.0,1025.442626953125,-11472.0,-831917375,3,11382931636134718556,8.0,12.0,2731264150,2,
16,-4624.0,1025.52734375,-10128.0,-1888430044,3,16639818353827937418,8.0,12.0,2731264150,2,
16,-4672.0,1025.06689453125,-10544.0,-1928954365,3,10503142881325314378,16.0,20.0,2731264150,4,
16,-4688.0,1025.9873046875,-11200.0,392185542,3,5530970742043504559,8.0,12.0,2731264150,2,
16,-4896.0,1027.840576171875,-11952.0,-338613221,3,16297201691695502602,8.0,12.0,2731264150,2,
16,-5504.0,1025.57470703125,-11936.0,810398280,3,8052023672664167030,8.0,12.0,2731264150,2,
16,-5344.0,1025.01904296875,-12064.0,-522459273,3,10077604756592650025,8.0,12.0,2731264150,2,
16,-5120.0,1025.0498046875,-7424.0,2095294012,3,4158297047597894357,8.0,12.0,2731264150,2,
16,-5280.0,1026.016357421875,-7264.0,-2053447790,3,9377696720768997754,12.0,16.0,2731264150,3,
16,-4896.0,1024.44775390625,-10752.0,-1900226271,3,5265340089071073596,8.0,12.0,2731264150,2,
16,-4672.0,1025.06689453125,-10544.0,-1928954365,3,13563436994118584172,8.0,12.0,2731264150,2,
16,-4400.0,1025.76611328125,-9664.0,1787946227,3,14094900446128774945,4.0,8.0,2731264150,1,
16,-4672.0,1025.06689453125,-10544.0,-1928954365,3,12129759846814403503,12.0,16.0,2731264150,3,
16,-4896.0,1024.44775390625,-10752.0,-1900226271,3,6569462363107434769,12.0,16.0,2731264150,3,
16,-4736.0,1025.442626953125,-11472.0,-831917375,3,5468087255398986785,12.0,16.0,2731264150,3,
16,-4656.0,1025.753662109375,-10400.0,1466581886,3,15460479845784838215,8.0,12.0,2731264150,2,
16,-4672.0,1025.06689453125,-10544.0,-1928954365,3,10350811250428249924,4.0,8.0,2731264150,1,
16,-4688.0,1025.9873046875,-11200.0,392185542,3,5427501118270198457,4.0,8.0,2731264150,1,
16,-4736.0,1025.442626953125,-11472.0,-831917375,3,1276780698978535477,4.0,8.0,2731264150,1,
16,-4464.0,1024.80224609375,-9520.0,-604737629,3,13820477071094782277,4.0,8.0,2731264150,1,
16,-4624.0,1025.52734375,-10128.0,-1888430044,3,16173731685172476604,4.0,8.0,2731264150,1,
16,-4464.0,1024.80224609375,-9520.0,-604737629,3,196119967757496277,16.0,20.0,2731264150,4,
16,-4672.0,1025.261962890625,-11344.0,1551430500,3,4102787803014434355,12.0,16.0,2731264150,3,
16,-6960.0,1025.59326171875,-8256.0,1642729015,3,15692114410906345582,8.0,12.0,2731264150,2,
16,-6944.0,1025.602294921875,-8384.0,-1131590165,3,11881518417981976005,8.0,12.0,2731264150,2,
16,-7184.0,1026.376708984375,-8416.0,-1597393919,3,4275809377462066999,8.0,12.0,2731264150,2,
16,-7248.0,1026.116943359375,-8512.0,183535902,3,8519866971369677653,4.0,8.0,2731264150,1,
16,-7040.0,1026.109130859375,-8624.0,-572623820,3,17776292624087079426,8.0,12.0,2731264150,2,
16,-6992.0,1025.563232421875,-8512.0,-1271508817,3,13189014334332064170,8.0,12.0,2731264150,2,
16,-4560.0,1024.88671875,-9344.0,980148161,3,8197755641585847966,16.0,20.0,2731264150,4,
16,-4560.0,1024.88671875,-9344.0,980148161,3,8965253149372374888,4.0,8.0,2731264150,1,
16,-4672.0,1024.7705078125,-8656.0,-904750275,2,1474244587612422390,17.0,20.0,2119612362,5,
16,-4496.0,1024.2802734375,-9040.0,570369244,2,8048905043123354362,17.0,20.0,4035089318,5,
16,-4736.0,1024.952392578125,-8528.0,1747956301,3,17074561717693197237,8.0,12.0,2731264150,2,
16,-4784.0,1025.6123046875,-8352.0,-1662578871,3,4799916999068123617,12.0,16.0,2731264150,3,
16,-4544.0,1024.94189453125,-8848.0,-1167472824,2,11293377548411034288,17.0,20.0,2119612362,5,
16,-4608.0,1025.364501953125,-8768.0,1256059049,3,11374808840210280047,12.0,16.0,2731264150,3,
16,-4528.0,1025.53125,-8960.0,-2084634155,3,10175367588061785763,16.0,20.0,2731264150,4,
16,-4528.0,1025.03564453125,-9120.0,-1101435872,3,4273823709180668607,16.0,20.0,2731264150,4,
16,-4496.0,1025.0078125,-9936.0,-1382011902,3,12109248888914460236,16.0,20.0,2731264150,4,
16,-4656.0,1024.70263671875,-11248.0,1711303948,2,5814990720086627796,17.0,20.0,2119612362,5,
16,-4672.0,1025.261962890625,-11344.0,1551430500,3,967998961004846024,16.0,20.0,2731264150,4,
16,-4752.0,1023.9765625,-11024.0,204996900,2,16811592048108346804,17.0,20.0,2119612362,5,
16,-4736.0,1024.952392578125,-8528.0,1747956301,3,18249088418532323069,16.0,20.0,2731264150,4,
16,-4560.0,1033.522216796875,-9872.0,-998136024,1,3069695069467014530,4.0,7.0,2119612362,1,
16,-4816.0,1024.836181640625,-10896.0,-1502239230,3,8020239330340494126,4.0,8.0,2731264150,1,
16,-4528.0,1025.53125,-8960.0,-2084634155,3,22777785567842824,8.0,12.0,2731264150,2,
9,-964.0,1080.0810546875,-7304.0,1818855246,1,7344288328230294537,6.0,9.0,657009845,2,
9,-1124.0,1111.333740234375,-7224.0,-1708981451,1,18339005934373698171,6.0,9.0,657009845,2,
